heure;titre;lieu;adresse;sources;liens;confirme_reel (o/n)
;Election du plus beau jardin;;63ter, rue de Riquet Jardin Rosa Luxemburg 75018 Paris;datatourisme;http://equipement.paris.fr/jardins-rosa-luxemburg-17580;
;L'enfance de l'Art;;135, rue Saint-Martin Cinémas Indépendants Parisiens 75004 Paris 4e Arrondissement;datatourisme;http://www.cinep.org/;
;Festival d'Automne;;Festival d'Automne 75001 Paris;datatourisme;https://www.festival-automne.com/;
;Theatre in Paris;;18 Boulevard Saint-Martin 4 Boulevard de Strasbourg, 75010 Paris 5 Rue des Vignes, 75016 Paris 75010 Paris;datatourisme;https://www.theatreinparis.com/;
;Kiosques en fête dans les squares et jardins parisiens;;;paris_qfap;https://www.paris.fr/evenements/kiosques-en-fete-13390;
;Visites Spectacles : découvrez Paris comme vous ne l’avez jamais vu;;;paris_qfap;https://www.paris.fr/evenements/visites-spectacles-decouvrez-paris-comme-vous-ne-l-avez-jamais-vu-108521;
;Saison Cabaret : découvrez le programme parisien;;;paris_qfap;https://www.paris.fr/evenements/saison-cabaret-decouvrez-le-programme-123668;
;SISM 2026 dans les bibliothèques parisiennes;;;paris_qfap;https://www.paris.fr/evenements/les-semaines-d-information-sur-la-sante-mentale-dans-les-bibliotheques-parisiennes-108816;
;Paris-Roma : et si on célébrait les 70 ans du jumelage ?;;;paris_qfap;https://www.paris.fr/evenements/paris-rome-et-si-on-celebrait-les-70-ans-du-jumelage-104239;
;Première édition du Festival CinéBelleville;;;paris_qfap;https://www.paris.fr/evenements/premiere-edition-du-festival-cinebelleville-123462;
;10ème Festival Mois Kréyol 2026;;75013;paris_qfap;https://www.paris.fr/evenements/le-festival-mois-kreyol-2026-10-118018;
;Jazz sur Seine : les clubs de jazz de Paris et d'Île-de-France font leur Festival !;;;paris_qfap;https://www.paris.fr/evenements/jazz-sur-seine-les-clubs-de-jazz-de-paris-et-d-ile-de-france-font-leur-festival-38623;
11:00;Le Paris de la sorcellerie;;;paris_qfap;https://www.paris.fr/evenements/le-paris-de-la-sorcellerie-116826;
16:00;Spectacle de marionnette et cuisine italienne : GINA;;;paris_qfap;https://www.paris.fr/evenements/spectacle-de-marionnette-et-cuisine-italienne-gina-124211;
19:00;Alexis Le Rossignol dans Chamboulé; Théâtre Gaîté Rive Gauche;6 rue de la Gaîté 75014 Paris;billetreduc;https://www.awin1.com/pclick.php?p=44706239394&a=3071471&m=20796;
23:00;Zoot « late » sessions - Heritage jazz, late show et jam session au 38Riv Jazz Club;38Riv;38, rue de rivoli 75004 Paris;paris_qfap;https://www.paris.fr/evenements/zoot-late-sessions-heritage-jazz-late-show-et-jam-session-au-38riv-jazz-club-90316;
15:00;Marion Chrétien raconte Dinah Washington, au 38Riv Jazz Club JSS26;38Riv Jazz Club;38, rue de Rivoli 75004 Paris;paris_qfap;https://www.paris.fr/evenements/marion-chretien-raconte-sarah-vaughan-au-38riv-jazz-club-jss26-116923;
17:00;Marion Chrétien raconte Dinah Washington, au 38Riv Jazz Club JSS26;38Riv Jazz Club;38, rue de Rivoli 75004 Paris;paris_qfap;https://www.paris.fr/evenements/marion-chretien-raconte-sarah-vaughan-au-38riv-jazz-club-jss26-116923;
18:30;7-9 Comedy Room;7-9 Comedy Room;7, rue Louise Emilie de la Tour d'Auvergne 75009 Paris;billetreduc;https://www.awin1.com/pclick.php?p=42895167573&a=3071471&m=20796;
20:00;7-9 Comedy Room;7-9 Comedy Room;7, rue Louise Emilie de la Tour d'Auvergne 75009 Paris;billetreduc;https://www.awin1.com/pclick.php?p=42895167573&a=3071471&m=20796;
21:30;7-9 Comedy Room;7-9 Comedy Room;7, rue Louise Emilie de la Tour d'Auvergne 75009 Paris;billetreduc;https://www.awin1.com/pclick.php?p=42895167573&a=3071471&m=20796;
22:45;7-9 Comedy Room;7-9 Comedy Room;7, rue Louise Emilie de la Tour d'Auvergne 75009 Paris;billetreduc;https://www.awin1.com/pclick.php?p=42895167573&a=3071471&m=20796;
17:00;L’Histoire du Beau Ver Dodu - A la Folie Théâtre, Paris;A la Folie Théâtre;6, rue de la Folie Méricourt 75011 PARIS;billetreduc, fnac, paris_qfap, ticketmaster;https://www.awin1.com/pclick.php?p=45202776144&a=3071471&m=20796 | https://www.awin1.com/pclick.php?p=45230771984&a=3071471&m=12494 | https://www.paris.fr/evenements/l-histoire-du-beau-ver-dodu-116706 | https://www.ticketmaster.fr/fr/manifestation/l-histoire-du-beau-ver-dodu-billet/idmanif/666275/idtier/18864121;
19:30;Appelez-moi Madame George Sand - A la Folie Théâtre, Paris;A la Folie Théâtre;6, rue de la Folie Méricourt 75011 PARIS;billetreduc, fnac, paris_qfap, ticketmaster;https://www.awin1.com/pclick.php?p=45131876485&a=3071471&m=20796 | https://www.awin1.com/pclick.php?p=45201641727&a=3071471&m=12494 | https://www.paris.fr/evenements/appelez-moi-madame-george-sand-116707 | https://www.ticketmaster.fr/fr/manifestation/appelez-moi-madame-george-sand-billet/idmanif/666276/idtier/18864121;
20:00;Un Petit Jeu sans Conséquence - A la Folie Théâtre, Paris;A la Folie Théâtre;6, rue de la Folie Méricourt 75011 PARIS;billetreduc, fnac, paris_qfap, ticketmaster;https://www.awin1.com/pclick.php?p=45131876480&a=3071471&m=20796 | https://www.awin1.com/pclick.php?p=45202674421&a=3071471&m=12494 | https://www.paris.fr/evenements/un-petit-jeu-sans-consequences-116702 | https://www.ticketmaster.fr/fr/manifestation/un-petit-jeu-sans-consequence-billet/idmanif/666272/idtier/18864121;
21:00;Les Gens qu’On Aime - A la Folie Théâtre, Paris;A la Folie Théâtre;6, rue de la Folie Méricourt 75011 PARIS;billetreduc, fnac, paris_qfap, ticketmaster;https://www.awin1.com/pclick.php?p=45135299457&a=3071471&m=20796 | https://www.awin1.com/pclick.php?p=45202674358&a=3071471&m=12494 | https://www.paris.fr/evenements/les-gens-qu-on-aime-116709 | https://www.ticketmaster.fr/fr/manifestation/les-gens-qu-on-aime-billet/idmanif/666277/idtier/18864121;
21:30;Le Poids de l'Eau - A la Folie Théâtre, Paris;A la Folie Théâtre;6, rue de la Folie Méricourt 75011 PARIS;billetreduc, fnac, paris_qfap, ticketmaster;https://www.awin1.com/pclick.php?p=45182060529&a=3071471&m=20796 | https://www.awin1.com/pclick.php?p=45202674321&a=3071471&m=12494 | https://www.paris.fr/evenements/le-poids-de-l-eau-116703 | https://www.ticketmaster.fr/fr/manifestation/le-poids-de-l-eau-billet/idmanif/666273/idtier/18864121;
19:00;Youssou Ndour & Le Super Etoile de Dakar - Le Grand Bal;Accor Arena;8, boulevard de Bercy 75012 PARIS;fnac, ticketmaster;https://www.awin1.com/pclick.php?p=44844382483&a=3071471&m=12494 | https://www.ticketmaster.fr/fr/manifestation/youssou-ndour-billet/idmanif/657150/idtier/18864121;
11:00;Léo le petit robot et la maison des émotions;Aktéon Théâtre Montreuil;90 rue Alexis Pesnon 93100 Montreuil;billetreduc;https://www.awin1.com/pclick.php?p=45128839171&a=3071471&m=20796;
15:30;Les 3 sorcières;Aktéon Théâtre Montreuil;90 rue Alexis Pesnon 93100 Montreuil;billetreduc;https://www.awin1.com/pclick.php?p=45131876553&a=3071471&m=20796;
17:00;Nourson et la maison des sons;Aktéon Théâtre Montreuil;90 rue Alexis Pesnon 93100 Montreuil;billetreduc;https://www.awin1.com/pclick.php?p=45146932060&a=3071471&m=20796;
17:30;Léo le petit robot et la maison des émotions;Aktéon Théâtre Montreuil;90 rue Alexis Pesnon 93100 Montreuil;billetreduc;https://www.awin1.com/pclick.php?p=45128839171&a=3071471&m=20796;
10:30;Ribambelle et Bouts de Ficelle - L'Aktéon Théâtre, Paris;Aktéon Théâtre Paris;11, rue du Général Blaise 75011 PARIS;billetreduc, fnac, ticketmaster;https://www.awin1.com/pclick.php?p=45040265836&a=3071471&m=20796 | https://www.awin1.com/pclick.php?p=45051142902&a=3071471&m=12494 | https://www.ticketmaster.fr/fr/manifestation/ribambelle-et-bouts-de-ficelle-billet/idmanif/663855/idseance/4362159;
11:30;La Princesse à la Puce - L'Aktéon Théâtre, Paris;Aktéon Théâtre Paris;11, rue du Général Blaise 75011 PARIS;billetreduc, fnac, ticketmaster;https://www.awin1.com/pclick.php?p=45040265827&a=3071471&m=20796 | https://www.awin1.com/pclick.php?p=45128770304&a=3071471&m=12494 | https://www.ticketmaster.fr/fr/manifestation/la-princesse-a-la-puce-billet/idmanif/663856/idseance/4362191;
14:30;La Chèvre de Madame Seguin - L'Aktéon Théâtre, Paris;Aktéon Théâtre Paris;11, rue du Général Blaise 75011 PARIS;billetreduc, fnac, ticketmaster;https://www.awin1.com/pclick.php?p=45040265832&a=3071471&m=20796 | https://www.awin1.com/pclick.php?p=45051142922&a=3071471&m=12494 | https://www.ticketmaster.fr/fr/manifestation/la-chevre-de-madame-seguin-billet/idmanif/663857/idseance/4362231;
16:00;Le Loup des Archives - L'Aktéon Théâtre, Paris;Aktéon Théâtre Paris;11, rue du Général Blaise 75011 PARIS;billetreduc, fnac, ticketmaster;https://www.awin1.com/pclick.php?p=45040265830&a=3071471&m=20796 | https://www.awin1.com/pclick.php?p=45051143573&a=3071471&m=12494 | https://www.ticketmaster.fr/fr/manifestation/le-loup-des-archives-billet/idmanif/663858/idseance/4362265;
17:30;Sambo le Petit Lion - L'Aktéon Théâtre, Paris;Aktéon Théâtre Paris;11, rue du Général Blaise 75011 PARIS;billetreduc, fnac, ticketmaster;https://www.awin1.com/pclick.php?p=46029363579&a=3071471&m=12494 | https://www.awin1.com/pclick.php?p=46059842555&a=3071471&m=20796 | https://www.ticketmaster.fr/fr/manifestation/sambo-le-petit-lion-billet/idmanif/672934/idseance/4425186;
15:00;Juliette N'Aime Pas Roméo - Apollo Comedy, Paris;Apollo Comedy - Salle 130;18, rue du Faubourg du Temple 75011 PARIS;billetreduc, fnac;https://www.awin1.com/pclick.php?p=45641539527&a=3071471&m=20796 | https://www.awin1.com/pclick.php?p=45859816502&a=3071471&m=12494;
19:30;Eva Jean - Vegas - Apollo Comedy, Paris;Apollo Comedy - Salle 130;18, rue du Faubourg du Temple 75011 PARIS;billetreduc, fnac, ticketmaster;https://www.awin1.com/pclick.php?p=45655819035&a=3071471&m=20796 | https://www.awin1.com/pclick.php?p=45859816393&a=3071471&m=12494 | https://www.ticketmaster.fr/fr/manifestation/eva-jean-billet/idmanif/670376/idseance/4399752;
17:30;Appelez-moi Walt - Apollo Comedy, Paris;Apollo Comedy - Salle 200;18, rue du Faubourg du Temple 75011 PARIS;billetreduc, fnac, ticketmaster;https://www.awin1.com/pclick.php?p=42947550960&a=3071471&m=20796 | https://www.awin1.com/pclick.php?p=44483719341&a=3071471&m=12494 | https://www.ticketmaster.fr/fr/manifestation/appelez-moi-walt-billet/idmanif/639841/idtier/18864121;
21:30;Senhamza - Chkoun Nta ? - Apollo Comedy, Paris;Apollo Comedy - Salle 200;18, rue du Faubourg du Temple 75011 PARIS;billetreduc, fnac, ticketmaster;https://www.awin1.com/pclick.php?p=40710140786&a=3071471&m=20796 | https://www.awin1.com/pclick.php?p=44858310772&a=3071471&m=12494 | https://www.ticketmaster.fr/fr/manifestation/senhamza-billet/idmanif/616891/idtier/18864121;
19:30;Dr Oubeidallah dans La Consultation - Apollo Comedy - Paris;Apollo Comedy - Salle 90;18, rue du Faubourg du Temple 75011 PARIS;billetreduc, fnac, ticketmaster;https://www.awin1.com/pclick.php?p=45301494732&a=3071471&m=20796 | https://www.awin1.com/pclick.php?p=45359230192&a=3071471&m=12494 | https://www.ticketmaster.fr/fr/manifestation/dr-oubeidallah-billet/idmanif/667869/idtier/18864121;
21:29;Baba Rudy - Apollo Comedy, Paris;Apollo Comedy - Salle 90;18, rue du Faubourg du Temple 75011 PARIS;billetreduc, fnac, ticketmaster;https://www.awin1.com/pclick.php?p=44530344303&a=3071471&m=20796 | https://www.awin1.com/pclick.php?p=45859829074&a=3071471&m=12494 | https://www.ticketmaster.fr/fr/manifestation/baba-rudy-billet/idmanif/657068/idtier/18864121;
21:30;Malik Belkhodja - Charo Responsable - Apollo Comedy, Paris;Apollo Comedy - Salle 90;18, rue du Faubourg du Temple 75011 PARIS;billetreduc, fnac, ticketmaster;https://www.awin1.com/pclick.php?p=44447736740&a=3071471&m=20796 | https://www.awin1.com/pclick.php?p=44476113733&a=3071471&m=12494 | https://www.ticketmaster.fr/fr/manifestation/malik-belkhodja-billet/idmanif/656306/idtier/18864121;
14:00;LA BELLE ET LA BETE;APOLLO THEATRE;18, RUE DU FAUBOURG DU TEMPLE Paris;ticketmaster;https://www.ticketmaster.fr/fr/manifestation/la-belle-et-la-bete-billet/idmanif/667772/idtier/18864121;
11:00;L'arbre d'Hipollène - Apollo Théâtre, Paris;Apollo Théâtre - Salle 360;18, rue du Faubourg du Temple 75011 PARIS;billetreduc, fnac, ticketmaster;https://www.awin1.com/pclick.php?p=44664483721&a=3071471&m=20796 | https://www.awin1.com/pclick.php?p=44882734244&a=3071471&m=12494 | https://www.ticketmaster.fr/fr/manifestation/l-arbre-d-hipollene-billet/idmanif/658445/idtier/18864121;
16:30;Zélie la Pirate - Apollo Théâtre, Paris;Apollo Théâtre - Salle 360;18, rue du Faubourg du Temple 75011 PARIS;billetreduc, fnac, paris_qfap, ticketmaster;https://www.awin1.com/pclick.php?p=45351588481&a=3071471&m=20796 | https://www.awin1.com/pclick.php?p=45366521443&a=3071471&m=12494 | https://www.paris.fr/evenements/zelie-la-pirate-s-installe-a-l-apollo-theatre-pour-l-hiver-123305 | https://www.ticketmaster.fr/fr/manifestation/zelie-la-pirate-billet/idmanif/668295/idseance/4387725;
19:00;Ménopause - Apollo Théâtre, Paris;Apollo Théâtre - Salle 360;18, rue du Faubourg du Temple 75011 PARIS;billetreduc, fnac, ticketmaster;https://www.awin1.com/pclick.php?p=44265154021&a=3071471&m=20796 | https://www.awin1.com/pclick.php?p=44385410913&a=3071471&m=12494 | https://www.ticketmaster.fr/fr/manifestation/menopause-billet/idmanif/654359/idseance/4305723;
21:15;Zohra Hamiti - Houria Les Yeux Verts Dans Enfin Moi - Apollo Théâtre, Paris;Apollo Théâtre - Salle 360;18, rue du Faubourg du Temple 75011 PARIS;billetreduc, fnac, ticketmaster;https://www.awin1.com/pclick.php?p=45841147886&a=3071471&m=20796 | https://www.awin1.com/pclick.php?p=45950509692&a=3071471&m=12494 | https://www.ticketmaster.fr/fr/manifestation/houria-les-yeux-verts-billet/idmanif/671152/idseance/4402765;
14:00;Le Livre de la jungle;Apollo Théâtre - Salle Apollo 360;18, rue du Faubourg du temple 75011 Paris;billetreduc, ticketmaster;https://www.awin1.com/pclick.php?p=44864491178&a=3071471&m=20796 | https://www.ticketmaster.fr/fr/manifestation/le-livre-de-la-jungle-billet/idmanif/660899/idseance/4344934;
16:30;Ménopause;Apollo Théâtre - Salle Apollo 360;18, rue du Faubourg du temple 75011 Paris;billetreduc;https://www.awin1.com/pclick.php?p=44265154021&a=3071471&m=20796;
19:00;Artishow Cabaret;Artishow Cabaret;3 Cité Souzy 75011 Paris;billetreduc;https://www.awin1.com/pclick.php?p=38760263194&a=3071471&m=20796;
17:00;L'Ecole des Femmes de Molière - Artistic Athévains, Paris;Artistic Athévains;45 bis, rue Richard Lenoir 75011 PARIS;billetreduc, fnac, paris_qfap, ticketmaster;https://www.awin1.com/pclick.php?p=45202776148&a=3071471&m=20796 | https://www.awin1.com/pclick.php?p=45859807342&a=3071471&m=12494 | https://www.paris.fr/evenements/reprise-l-ecole-des-femmes-de-moliere-124034 | https://www.ticketmaster.fr/fr/manifestation/ecole-des-femmes-billet/idmanif/666707/idtier/18864121;
20:30;L'Ecole des Femmes de Molière - Artistic Athévains, Paris;Artistic Athévains;45 bis, rue Richard Lenoir 75011 PARIS;billetreduc, fnac, paris_qfap, ticketmaster;https://www.awin1.com/pclick.php?p=45202776148&a=3071471&m=20796 | https://www.awin1.com/pclick.php?p=45859807262&a=3071471&m=12494 | https://www.paris.fr/evenements/reprise-l-ecole-des-femmes-de-moliere-124034 | https://www.ticketmaster.fr/fr/manifestation/ecole-des-femmes-billet/idmanif/666707/idtier/18864121;
14:00;L'Homme qui courrait après sa chance;Atelier de la Bonne Graine;16 passage de la Bonne Graine 75011 Paris;billetreduc;https://www.awin1.com/pclick.php?p=45842116748&a=3071471&m=20796;
17:00;Voyage;Atelier de la Bonne Graine;16 passage de la Bonne Graine 75011 Paris;billetreduc;https://www.awin1.com/pclick.php?p=45852602649&a=3071471&m=20796;
20:00;L'Atelier du Plateau fait son cirque;Atelier du plateau;5, rue du Plateau 75019 Paris;billetreduc;https://www.awin1.com/pclick.php?p=45877006247&a=3071471&m=20796;
20:30;Les Bonnes - L'Athénée Théâtre Louis-Jouvet, Paris;Athénée - Théâtre Louis-Jouvet;Square de l'Opéra - Louis Jouvet 75009 PARIS;fnac;https://www.awin1.com/pclick.php?p=45391054547&a=3071471&m=12494;
20:00;Concert de Piano - Adrien Brandeis;Auditorium Jean-Pierre Miquel;98, rue de Fontenay 94300 VINCENNES;billetreduc, fnac;https://www.awin1.com/pclick.php?p=45418914769&a=3071471&m=20796 | https://www.awin1.com/pclick.php?p=45859811077&a=3071471&m=12494;
19:05;Aura Invalides;Aura aux invalides;2 Place Vauban 75007 Paris;billetreduc, datatourisme, paris_qfap;https://www.awin1.com/pclick.php?p=46148141089&a=3071471&m=20796 | https://www.musee-armee.fr/ | https://www.paris.fr/evenements/aura-invalides-66765;
20:00;Khemmis + Celestial Sanctuary;Backstage By The Mill;92, boulevard de Clichy 75018 PARIS;fnac, ticketmaster;https://www.awin1.com/pclick.php?p=44786202904&a=3071471&m=12494 | https://www.ticketmaster.fr/fr/manifestation/khemmis-celestial-sanctuary-billet/idmanif/659822/idtier/18864121;
19:00;#RDV avec Glenn Ferris « New-Tet » - Baiser Sale, Paris;Baiser Salé;58, Rue des Lombards 75001 PARIS;fnac;https://www.awin1.com/pclick.php?p=45359229928&a=3071471&m=12494;
21:00;#RDV avec Glenn Ferris « New-Tet » - Baiser Sale, Paris;Baiser Salé;58, Rue des Lombards 75001 PARIS;fnac;https://www.awin1.com/pclick.php?p=45359229927&a=3071471&m=12494;
18:45;Micro Plié Comedy Club;Bar des Halles;71 rue Saint-Honoré 75001 Paris;billetreduc;https://www.awin1.com/pclick.php?p=42319052490&a=3071471&m=20796;
20:15;Micro Plié Comedy Club;Bar des Halles;71 rue Saint-Honoré 75001 Paris;billetreduc;https://www.awin1.com/pclick.php?p=42319052490&a=3071471&m=20796;
21:45;Micro Plié Comedy Club;Bar des Halles;71 rue Saint-Honoré 75001 Paris;billetreduc;https://www.awin1.com/pclick.php?p=42319052490&a=3071471&m=20796;
12:45;CROISIÈRE DÉJEUNER - 12H45;BATEAUX PARISIENS;PORT DE LA BOURDONNAIS Paris;ticketmaster;https://www.ticketmaster.fr/fr/manifestation/croisiere-dejeuner-12h45-billet/idmanif/650040/idseance/4277997;
18:15;CROISIÈRE DÎNER - 18H15 - CROISIÈRE DÎNER SUR LA SEINE;BATEAUX PARISIENS;PORT DE LA BOURDONNAIS Paris;ticketmaster;https://www.ticketmaster.fr/fr/manifestation/croisiere-diner-18h15-billet/idmanif/650038/idtier/18864121;
20:30;CROISIÈRE DÎNER - 20H30 - CROISIÈRE DINER SUR LA SEINE;BATEAUX PARISIENS;PORT DE LA BOURDONNAIS Paris;ticketmaster;https://www.ticketmaster.fr/fr/manifestation/croisiere-diner-20h30-billet/idmanif/650019/idseance/4277247;
10:30;L'heure des histoires;Bibliothèque Amélie;164 rue de Grenelle 75007 Paris;paris_qfap;https://www.paris.fr/evenements/l-heure-des-histoires-108771;
10:30;Les (toutes) petites oreilles;Bibliothèque Assia Djebar;1 rue Reynaldo Hahn 75020 Paris;paris_qfap;https://www.paris.fr/evenements/les-p-tites-oreilles-117854;
11:30;"""La tournée des coups de cœur"" - café littéraire d'OCTOBRE";Bibliothèque Benoîte Groult;25 Rue du Commandant René Mouchotte 75014 Paris;paris_qfap;https://www.paris.fr/evenements/modele-la-tournee-des-coups-de-coeur-cafe-litteraire-du-mois-117340;
11:00;"Mon Premier Festival ""Dans tous les sens""";Bibliothèque François Villon;81, boulevard de la Villette 75010 Paris;paris_qfap;https://www.paris.fr/evenements/mon-premier-festival-dans-tous-les-sens-113543;
10:30;Heures du conte Petite enfance (octobre-décembre);Bibliothèque Georges Brassens;38 rue Gassendi 75014 Paris;paris_qfap;https://www.paris.fr/evenements/heures-du-conte-petite-enfance-janvier-juin-117384;
;Saison culturelle de la Bibliothèque historique de la Ville de Paris;Bibliothèque Historique de la Ville de Paris;24 Rue Pavée 75004 Paris;paris_qfap;https://www.paris.fr/evenements/programmation-culturelle-de-la-bibliotheque-historique-de-la-ville-de-paris-52150;
;Contine-moi une histoire;Bibliothèque L'Heure joyeuse;6-12 rue des Prêtres Saint-Séverin 75005 Paris;paris_qfap;https://www.paris.fr/evenements/contine-moi-une-histoire-39280;
10:15;L'heure du conte pour les 0-3 ans;Bibliothèque Louise Walser-Gaillard;26, rue Chaptal 75009 Paris;paris_qfap;https://www.paris.fr/evenements/l-heure-du-conte-pour-les-0-3-ans-117255;
11:15;L'heure du conte pour les 4-7 ans;Bibliothèque Louise Walser-Gaillard;26, rue Chaptal 75009 Paris;paris_qfap;https://www.paris.fr/evenements/l-heure-du-conte-pour-les-2-4-ans-117254;
11:00;Les racontines;Bibliothèque Marguerite Audoux;10 rue Portefoin 75003 Paris;paris_qfap;https://www.paris.fr/evenements/les-racontines-115558;
16:00;Rencontre avec Audrey Gauthier;Bibliothèque Oscar Wilde;12 rue du Télégraphe 75020 Paris;paris_qfap;https://www.paris.fr/evenements/rencontre-avec-audrey-gauthier-123735;
10:00;Fête du jeu vidéo !;Bibliothèque Václav Havel;26 esplanade Nathalie Sarraute 75018 Paris;paris_qfap;https://www.paris.fr/evenements/fete-du-jeu-video-115540;
17:00;Marco Polo Comedy Club Châtelet;Bistrot du Jardin;33 Rue Berger 75001 Paris;billetreduc;https://www.awin1.com/pclick.php?p=41055883794&a=3071471&m=20796;
19:00;Marco Polo Comedy Club Châtelet;Bistrot du Jardin;33 Rue Berger 75001 Paris;billetreduc;https://www.awin1.com/pclick.php?p=41055883794&a=3071471&m=20796;
20:45;Marco Polo Comedy Club Châtelet;Bistrot du Jardin;33 Rue Berger 75001 Paris;billetreduc;https://www.awin1.com/pclick.php?p=41055883794&a=3071471&m=20796;
22:45;Marco Polo Comedy Club Châtelet;Bistrot du Jardin;33 Rue Berger 75001 Paris;billetreduc;https://www.awin1.com/pclick.php?p=41055883794&a=3071471&m=20796;
14:00;Peter Pan, le Spectacle Musical - Bobino, Paris  ;Bobino;14-20, rue de la Gaïté 75014 PARIS;billetreduc, fnac, ticketmaster;https://www.awin1.com/pclick.php?p=44498532181&a=3071471&m=20796 | https://www.awin1.com/pclick.php?p=44539270153&a=3071471&m=12494 | https://www.ticketmaster.fr/fr/manifestation/peter-pan-billet/idmanif/657268/idseance/4320994;
19:00;Circo Infinito - A Feel Good Circus Show - Bobino, Paris;Bobino;14-20, rue de la Gaïté 75014 PARIS;billetreduc, fnac, ticketmaster;https://www.awin1.com/pclick.php?p=45112918490&a=3071471&m=20796 | https://www.awin1.com/pclick.php?p=45126455801&a=3071471&m=12494 | https://www.ticketmaster.fr/fr/manifestation/circo-infinito-billet/idmanif/665088/idseance/4367370;
21:00;Inferno - La Dernière Nuit du Disco - Bobino, Paris ;Bobino;14-20, rue de la Gaïté 75014 PARIS;billetreduc, fnac, ticketmaster;https://www.awin1.com/pclick.php?p=43564500318&a=3071471&m=20796 | https://www.awin1.com/pclick.php?p=43571511255&a=3071471&m=12494 | https://www.ticketmaster.fr/fr/manifestation/inferno-la-derniere-nuit-du-disco-billet/idmanif/646371/idtier/18864121;
16:00;Broadway Comedy Club Paris;Broadway Comédie Café;25 boulevard Bonne Nouvelle 75010 Paris;billetreduc;https://www.awin1.com/pclick.php?p=33567196787&a=3071471&m=20796;
17:30;Broadway Comedy Club Paris;Broadway Comédie Café;25 boulevard Bonne Nouvelle 75010 Paris;billetreduc;https://www.awin1.com/pclick.php?p=33567196787&a=3071471&m=20796;
19:00;Broadway Comedy Club Paris;Broadway Comédie Café;25 boulevard Bonne Nouvelle 75010 Paris;billetreduc;https://www.awin1.com/pclick.php?p=33567196787&a=3071471&m=20796;
19:59;Broadway Comedy Club Paris;Broadway Comédie Café;25 boulevard Bonne Nouvelle 75010 Paris;billetreduc;https://www.awin1.com/pclick.php?p=33567196787&a=3071471&m=20796;
20:30;Broadway Comedy Club Paris;Broadway Comédie Café;25 boulevard Bonne Nouvelle 75010 Paris;billetreduc;https://www.awin1.com/pclick.php?p=33567196787&a=3071471&m=20796;
21:45;Broadway Comedy Club Paris;Broadway Comédie Café;25 boulevard Bonne Nouvelle 75010 Paris;billetreduc;https://www.awin1.com/pclick.php?p=33567196787&a=3071471&m=20796;
23:00;Broadway Comedy Club Paris;Broadway Comédie Café;25 boulevard Bonne Nouvelle 75010 Paris;billetreduc;https://www.awin1.com/pclick.php?p=33567196787&a=3071471&m=20796;
09:00;Vacances de la Toussaint : Halloween à Bulles & Billes (Paris 9e);Bulles & Billes;13, Rue Sainte-Cécile 75009 Paris;paris_qfap;https://www.paris.fr/evenements/vacances-de-la-toussaint-halloween-a-bulles-billes-paris-9e-124876;
17:00;Choumi Comedy Club - Choumi Comedy, Paris;Cabaret Chez Michou;80 rue des Martyrs 75018 PARIS;fnac;https://www.awin1.com/pclick.php?p=45859828859&a=3071471&m=12494;
18:30;Choumi Comedy Club - Choumi Comedy, Paris;Cabaret Chez Michou;80 rue des Martyrs 75018 PARIS;fnac;https://www.awin1.com/pclick.php?p=45859820156&a=3071471&m=12494;
20:00;Ilyes Mela - Couloir 8 - Choumi Comedy Club, Paris;Cabaret Chez Michou;80 rue des Martyrs 75018 PARIS;fnac;https://www.awin1.com/pclick.php?p=45859818452&a=3071471&m=12494;
21:30;Charly Nyobe - Plus Rien ne Vous Choque - Choumi Comedy, Paris;Cabaret Chez Michou;80 rue des Martyrs 75018 PARIS;fnac;https://www.awin1.com/pclick.php?p=45313091518&a=3071471&m=12494;
23:00;Choumi Comedy Club - Choumi Comedy, Paris;Cabaret Chez Michou;80 rue des Martyrs 75018 PARIS;fnac;https://www.awin1.com/pclick.php?p=45859820158&a=3071471&m=12494;
20:00;Dominique Fils-Aimé;Café de la Danse;5, passage Louis-Philippe 75011 PARIS;fnac, ticketmaster;https://www.awin1.com/pclick.php?p=45111231473&a=3071471&m=12494 | https://www.ticketmaster.fr/fr/manifestation/dominique-fils-aime-billet/idmanif/664748/idtier/18864121;
15:30;Le Secret de Sherlock Holmes - Café de la Gare, Paris;Café de la Gare;41, rue du Temple 75004 PARIS;billetreduc, fnac, ticketmaster;https://www.awin1.com/pclick.php?p=38015414038&a=3071471&m=20796 | https://www.awin1.com/pclick.php?p=45188125763&a=3071471&m=12494 | https://www.ticketmaster.fr/fr/manifestation/le-secret-de-sherlock-holmes-billet/idmanif/590638/idtier/18864121;
17:30;Dîner De Famille - Café de la Gare, Paris;Café de la Gare;41, rue du Temple 75004 PARIS;billetreduc, fnac, ticketmaster;https://www.awin1.com/pclick.php?p=27589237445&a=3071471&m=20796 | https://www.awin1.com/pclick.php?p=43035771215&a=3071471&m=12494 | https://www.ticketmaster.fr/fr/manifestation/diner-de-famille-billet/idmanif/464273/idseance/4189566;
19:30;Dîner De Famille - Café de la Gare, Paris;Café de la Gare;41, rue du Temple 75004 PARIS;billetreduc, fnac, ticketmaster;https://www.awin1.com/pclick.php?p=27589237445&a=3071471&m=20796 | https://www.awin1.com/pclick.php?p=43035771216&a=3071471&m=12494 | https://www.ticketmaster.fr/fr/manifestation/diner-de-famille-billet/idmanif/464273/idseance/4189565;
21:15;Le Secret de Sherlock Holmes - Café de la Gare, Paris;Café de la Gare;41, rue du Temple 75004 PARIS;billetreduc, fnac, ticketmaster;https://www.awin1.com/pclick.php?p=38015414038&a=3071471&m=20796 | https://www.awin1.com/pclick.php?p=45188125769&a=3071471&m=12494 | https://www.ticketmaster.fr/fr/manifestation/le-secret-de-sherlock-holmes-billet/idmanif/590638/idtier/18864121;
17:00;Oscar Comedy Club;Café Oscar;155 rue montmartre 75002 Paris;billetreduc;https://www.awin1.com/pclick.php?p=30394018175&a=3071471&m=20796;
19:00;Oscar Comedy Club;Café Oscar;155 rue montmartre 75002 Paris;billetreduc;https://www.awin1.com/pclick.php?p=30394018175&a=3071471&m=20796;
22:30;Oscar Comedy Club;Café Oscar;155 rue montmartre 75002 Paris;billetreduc;https://www.awin1.com/pclick.php?p=30394018175&a=3071471&m=20796;
13:00;Jeu de piste en autonomie : Un trafic d'animaux au canal Saint Martin;Canal Saint Martin ;Canal Saint Martin 75010 Paris ;billetreduc;https://www.awin1.com/pclick.php?p=34014709505&a=3071471&m=20796;
14:00;Jeu de piste en autonomie : Un trafic d'animaux au canal Saint Martin;Canal Saint Martin ;Canal Saint Martin 75010 Paris ;billetreduc;https://www.awin1.com/pclick.php?p=34014709505&a=3071471&m=20796;
20:00;Drag Race France Live, Saison 4 - Casino de Paris;Casino de Paris;16, rue de Clichy 75009 PARIS;fnac;https://www.awin1.com/pclick.php?p=45859818158&a=3071471&m=12494;
20:00;DRAG RACE FRANCE LIVE SAISON 4 - DRAG RACE FRANCE LIVE;CASINO DE PARIS;16, RUE DE CLICHY Paris;ticketmaster;https://www.ticketmaster.fr/fr/manifestation/drag-race-france-live-saison-4-billet/idmanif/644652/idseance/4400600;
20:30;Gospel Dream - Cathedrale Americaine, Paris;Cathédrale Américaine;23, Avenue George V 75008 PARIS;billetreduc, fnac, ticketmaster;https://www.awin1.com/pclick.php?p=31327325613&a=3071471&m=20796 | https://www.awin1.com/pclick.php?p=43035771711&a=3071471&m=12494 | https://www.ticketmaster.fr/fr/manifestation/gospel-dream-billet/idmanif/664382/idtier/18864121;
21:00;Sugarpie & The Candymen;Caveau de la Huchette;5 rue de la  Huchette 75005 Paris;billetreduc;https://www.awin1.com/pclick.php?p=45173373263&a=3071471&m=20796;
;Centre Culturel Canadien : la programmation du moment;Centre Culturel Canadien;130 rue du Faubourg Saint-Honoré 75008 Paris;paris_qfap;https://www.paris.fr/evenements/centre-culturel-canadien-la-programmation-du-moment-110532;
20:30;Le Petit Mish-Mash - Musiques Yiddish, Tsiganes, Roumaines et Moldaves;CENTRE MANDAPA;6, rue Wurtz 75013 PARIS;billetreduc, fnac;https://www.awin1.com/pclick.php?p=46077840532&a=3071471&m=20796 | https://www.awin1.com/pclick.php?p=46154379339&a=3071471&m=12494;
19:00;À quoi bon vouloir être aimé ?;Centre Paris Anim' La Jonquière;88, rue de La Jonquière 75017 Paris;billetreduc;https://www.awin1.com/pclick.php?p=46148141087&a=3071471&m=20796;
20:00;À quoi bon vouloir être aimé ?;Centre Paris Anim' La Jonquière;88, rue de La Jonquière 75017 Paris;billetreduc;https://www.awin1.com/pclick.php?p=46148141087&a=3071471&m=20796;
14:30;Loom Loom, un lutin dans le métro;Centre Paris Anim' Point du Jour;9 rue du Général Malleterre 75016 Paris;billetreduc;https://www.awin1.com/pclick.php?p=46026797315&a=3071471&m=20796;
17:00;Le Parapluie de Rosa Parks;Centre social et culturel Rosa Parks;219, boulevard Mac Donald 75019 Paris;paris_qfap;https://www.paris.fr/evenements/le-parapluie-de-rosa-parks-125057;
14:00;Solène Wachter : Machine à spectacle;Chaillot - Théâtre National de la Danse / Salle Gémier;1, place du Trocadéro et du 11-Novembre 75116 Paris;billetreduc;https://www.awin1.com/pclick.php?p=45117005751&a=3071471&m=20796;
17:30;Chez Prince Comedy Club;Chez Prince;18 rue des Quatre Vents 75006 Paris;billetreduc;https://www.awin1.com/pclick.php?p=44575614862&a=3071471&m=20796;
18:45;Chez Prince Comedy Club;Chez Prince;18 rue des Quatre Vents 75006 Paris;billetreduc;https://www.awin1.com/pclick.php?p=44575614862&a=3071471&m=20796;
17:00;Choumi Comedy Club;Choumi Comedy Club;80 rue Martyrs 75018 Paris;billetreduc;https://www.awin1.com/pclick.php?p=40201401042&a=3071471&m=20796;
18:30;Choumi Comedy Club;Choumi Comedy Club;80 rue Martyrs 75018 Paris;billetreduc;https://www.awin1.com/pclick.php?p=40201401042&a=3071471&m=20796;
20:00;Ilyes Mela dans Couloir 8;Choumi Comedy Club;80 rue Martyrs 75018 Paris;billetreduc;https://www.awin1.com/pclick.php?p=45434198562&a=3071471&m=20796;
21:30;Charly Nyobe dans Plus rien ne vous choque;Choumi Comedy Club;80 rue Martyrs 75018 Paris;billetreduc;https://www.awin1.com/pclick.php?p=46138269187&a=3071471&m=20796;
23:00;Choumi Comedy Club;Choumi Comedy Club;80 rue Martyrs 75018 Paris;billetreduc;https://www.awin1.com/pclick.php?p=40201401042&a=3071471&m=20796;
19:30;#define moon_: Château de Vincennes - Nuit de Lumière;Château de Vincennes;Avenue de Paris 94300 Vincennes;openagenda;https://openagenda.com/fr/cctp/events/define-moon-chateau-de-vincennes-nuit-de-lumiere;
15:00;ARBRE - CIRQUE BORMANN MORENO - ARBRE;CIRQUE BORMANN MORENO;5 RUE LUCIEN BOSSOUTROT Paris;billetreduc, fnac, ticketmaster;https://www.awin1.com/pclick.php?p=37956528038&a=3071471&m=20796 | https://www.awin1.com/pclick.php?p=43884473572&a=3071471&m=12494 | https://www.ticketmaster.fr/fr/manifestation/arbre-billet/idmanif/585298/idseance/4273562;
14:00;Cirque d'Hiver Bouglione - Volte - Cirque d'Hiver, Paris;Cirque d'Hiver Bouglione;110 rue Amelot 75011 PARIS;billetreduc, fnac, ticketmaster;https://www.awin1.com/pclick.php?p=45512587637&a=3071471&m=20796 | https://www.awin1.com/pclick.php?p=45859822245&a=3071471&m=12494 | https://www.ticketmaster.fr/fr/manifestation/volte-billet/idmanif/670176/idseance/4398448;
17:15;Cirque d'Hiver Bouglione - Volte - Cirque d'Hiver, Paris;Cirque d'Hiver Bouglione;110 rue Amelot 75011 PARIS;billetreduc, fnac, ticketmaster;https://www.awin1.com/pclick.php?p=45512587637&a=3071471&m=20796 | https://www.awin1.com/pclick.php?p=45859822247&a=3071471&m=12494 | https://www.ticketmaster.fr/fr/manifestation/volte-billet/idmanif/670176/idseance/4398449;
14:00;Entre Terre et Ciel... La Lune;Cité des sciences et de l'Industrie;30 avenue Corentin Cariou, 75019 Paris;openagenda;https://openagenda.com/fr/paris-cultute-tech/events/entre-terre-et-ciel-lune_162;
17:00;Entre Terre et Ciel...Les lumières de la nuit;Cité des sciences et de l'Industrie;30 avenue Corentin Cariou, 75019 Paris;openagenda;https://openagenda.com/fr/paris-cultute-tech/events/les-lumieres-de-la-nuit_218;
17:00;Mathémagie;Cité des sciences et de l'Industrie;30 avenue Corentin Cariou, 75019 Paris;openagenda;https://openagenda.com/fr/paris-cultute-tech/events/mathemagie-7962679;
;Mélomanes en culotte courte;Collège Buffon;Gymnase Grelot, 14 boulevard Pasteur 75015 Paris;paris_qfap;https://www.paris.fr/evenements/melomanes-en-culottes-courtes-20167;
17:00;LES MONOLOGUES DU MACHIN - LES MONOLOGUES DU MACHIN - 2EME SAISON;COMEDIE BASTILLE;5 RUE NICOLAS APPERT Paris;billetreduc, fnac, paris_qfap, ticketmaster;https://www.awin1.com/pclick.php?p=43214367659&a=3071471&m=20796 | https://www.awin1.com/pclick.php?p=45175086939&a=3071471&m=12494 | https://www.paris.fr/evenements/les-monologues-du-machin-118123 | https://www.ticketmaster.fr/fr/manifestation/les-monologues-du-machin-billet/idmanif/665118/idtier/18864121;
21:00;NAPO;COMEDIE BASTILLE;5 RUE NICOLAS APPERT Paris;ticketmaster;https://www.ticketmaster.fr/fr/manifestation/napo-billet/idmanif/665992/idseance/4374888;
18:00;KARIM TOUGUI - KARIM TOUGUI SI SEUL EN SCENE;COMEDIE DES 3 BORNES;32, rue des 3 Bornes Paris;billetreduc, ticketmaster;https://www.awin1.com/pclick.php?p=45150430231&a=3071471&m=20796 | https://www.ticketmaster.fr/fr/manifestation/karim-tougui-billet/idmanif/665780/idseance/4371899;
16:00;LE RÔTI;COMEDIE SAINT-MARTIN - PARIS;33 BOULEVARD SAINT MARTIN Paris;ticketmaster;https://www.ticketmaster.fr/fr/manifestation/le-roti-billet/idmanif/640063/idseance/4405145;
20:00;LE RÔTI;COMEDIE SAINT-MARTIN - PARIS;33 BOULEVARD SAINT MARTIN Paris;ticketmaster;https://www.ticketmaster.fr/fr/manifestation/le-roti-billet/idmanif/640063/idseance/4405146;
15:00;LES FOLIES GRUSS A PARIS;COMPAGNIE ALEXIS GRUSS;Pte Passy/Carrefour des Cascades Paris;ticketmaster;https://www.ticketmaster.fr/fr/manifestation/les-folies-gruss-a-paris-billet/idmanif/671598/idseance/4406732;
21:00;LES FOLIES GRUSS A PARIS;COMPAGNIE ALEXIS GRUSS;Pte Passy/Carrefour des Cascades Paris;ticketmaster;https://www.ticketmaster.fr/fr/manifestation/les-folies-gruss-a-paris-billet/idmanif/671598/idseance/4406733;
15:00;Le Témoin - Comédie Bastille, Paris;Comédie Bastille;5 Rue Nicolas Appert 75011 PARIS;billetreduc, fnac, paris_qfap, ticketmaster;https://www.awin1.com/pclick.php?p=45202776147&a=3071471&m=20796 | https://www.awin1.com/pclick.php?p=45278833030&a=3071471&m=12494 | https://www.paris.fr/evenements/le-temoin-118087 | https://www.ticketmaster.fr/fr/manifestation/le-temoin-billet/idmanif/666872/idtier/18864121;
19:00;La Folle Histoire du Couple - La Comédie Bastille, Paris;Comédie Bastille;5 Rue Nicolas Appert 75011 PARIS;billetreduc, fnac, paris_qfap, ticketmaster;https://www.awin1.com/pclick.php?p=44704760815&a=3071471&m=20796 | https://www.awin1.com/pclick.php?p=45278832950&a=3071471&m=12494 | https://www.paris.fr/evenements/la-folle-histoire-du-couple-118083 | https://www.ticketmaster.fr/fr/manifestation/la-folle-histoire-du-couple-billet/idmanif/666598/idseance/4377710;
21:00;Napo;Comédie Bastille;5 rue Nicolas Appert 75011 Paris;billetreduc;https://www.awin1.com/pclick.php?p=43445526559&a=3071471&m=20796;
21:00;La folle histoire du couple;Comédie Bastille;5 rue Nicolas Appert 75011 Paris;billetreduc;https://www.awin1.com/pclick.php?p=44704760815&a=3071471&m=20796;
21:00;NAPO - Saison 2 - Comédie Bastille, Paris;Comédie Bastille;5 Rue Nicolas Appert 75011 PARIS;fnac;https://www.awin1.com/pclick.php?p=45202674872&a=3071471&m=12494;
17:30;Le Comédie Café Pigalle;Comédie Café ;31 Rue Pierre Fontaine 75009 Paris;billetreduc;https://www.awin1.com/pclick.php?p=35890821958&a=3071471&m=20796;
17:30;Gwaga Comedy Club;Comédie Café ;31 Rue Pierre Fontaine 75009 Paris;billetreduc;https://www.awin1.com/pclick.php?p=45811380007&a=3071471&m=20796;
19:00;Le Comédie Café Pigalle;Comédie Café ;31 Rue Pierre Fontaine 75009 Paris;billetreduc;https://www.awin1.com/pclick.php?p=35890821958&a=3071471&m=20796;
21:00;Le Comédie Café Pigalle;Comédie Café ;31 Rue Pierre Fontaine 75009 Paris;billetreduc;https://www.awin1.com/pclick.php?p=35890821958&a=3071471&m=20796;
22:30;Le Comédie Café Pigalle;Comédie Café ;31 Rue Pierre Fontaine 75009 Paris;billetreduc;https://www.awin1.com/pclick.php?p=35890821958&a=3071471&m=20796;
22:30;Gwaga Comedy Club;Comédie Café ;31 Rue Pierre Fontaine 75009 Paris;billetreduc;https://www.awin1.com/pclick.php?p=45811380007&a=3071471&m=20796;
17:30;58 Comedy Club au Café comedie Pigalle;Comédie Café Pigalle;31 Rue Pierre Fontaine 75009 Paris;billetreduc;https://www.awin1.com/pclick.php?p=38587382031&a=3071471&m=20796;
19:00;Smash Comedy Club;Comédie Café Pigalle;31 Rue Pierre Fontaine 75009 Paris;billetreduc;https://www.awin1.com/pclick.php?p=42638975733&a=3071471&m=20796;
21:00;58 Comedy Club au Café comedie Pigalle;Comédie Café Pigalle;31 Rue Pierre Fontaine 75009 Paris;billetreduc;https://www.awin1.com/pclick.php?p=38587382031&a=3071471&m=20796;
11:00;Les Comptines de Capucine;Comédie de Paris;42 rue Pierre Fontaine 75009 Paris;billetreduc, ticketmaster;https://www.awin1.com/pclick.php?p=45239578524&a=3071471&m=20796 | https://www.ticketmaster.fr/fr/manifestation/les-comptines-de-capucine-billet/idmanif/667467/idtier/18864121;
16:30;Tout Feu Tout Flamme - La Comédie de Paris;Comédie de Paris;42, rue Fontaine 75009 PARIS;billetreduc, fnac, ticketmaster;https://www.awin1.com/pclick.php?p=44467976853&a=3071471&m=20796 | https://www.awin1.com/pclick.php?p=44504939448&a=3071471&m=12494 | https://www.ticketmaster.fr/fr/manifestation/tout-feu-tout-flamme-billet/idmanif/656465/idseance/4317739;
19:00;Tout Feu Tout Flamme - La Comédie de Paris;Comédie de Paris;42, rue Fontaine 75009 PARIS;billetreduc, fnac, ticketmaster;https://www.awin1.com/pclick.php?p=44467976853&a=3071471&m=20796 | https://www.awin1.com/pclick.php?p=44504939449&a=3071471&m=12494 | https://www.ticketmaster.fr/fr/manifestation/tout-feu-tout-flamme-billet/idmanif/656465/idseance/4317740;
21:00;Ana Godefroy - On s'accroche - Comédie De Paris, Paris;Comédie de Paris;42, rue Fontaine 75009 PARIS;billetreduc, fnac, ticketmaster;https://www.awin1.com/pclick.php?p=43784745230&a=3071471&m=20796 | https://www.awin1.com/pclick.php?p=43786555050&a=3071471&m=12494 | https://www.ticketmaster.fr/fr/manifestation/ana-godefroy-billet/idmanif/649416/idseance/4272676;
18:00;Karim Tougui - Si Seul en Scène - Comédie des 3 Bornes, Paris;Comédie des 3 Bornes;32 rue des Trois Bornes 75011 PARIS;fnac;https://www.awin1.com/pclick.php?p=45190111792&a=3071471&m=12494;
19:30;Mapie Nalbandian - Exit;Comédie des 3 Bornes;32 rue des Trois Bornes 75011 PARIS;billetreduc, fnac, ticketmaster;https://www.awin1.com/pclick.php?p=40436671401&a=3071471&m=20796 | https://www.awin1.com/pclick.php?p=46154379406&a=3071471&m=12494 | https://www.ticketmaster.fr/fr/manifestation/mapie-billet/idmanif/629900/idseance/4370141;
21:00;Joyeux Bordel - Comédie des 3 Bornes, Paris;Comédie des 3 Bornes;32 rue des Trois Bornes 75011 PARIS;billetreduc, fnac, ticketmaster;https://www.awin1.com/pclick.php?p=44467977440&a=3071471&m=20796 | https://www.awin1.com/pclick.php?p=45141753839&a=3071471&m=12494 | https://www.ticketmaster.fr/fr/manifestation/joyeux-bordel-billet/idmanif/665454/idtier/18864121;
15:00;Chante et Tais-Toi - Comédie des Champs-Elysées, Paris;Comédie des Champs-Elysées;15 avenue Montaigne 75008 PARIS;billetreduc, fnac, ticketmaster;https://www.awin1.com/pclick.php?p=44928364172&a=3071471&m=20796 | https://www.awin1.com/pclick.php?p=45011360021&a=3071471&m=12494 | https://www.ticketmaster.fr/fr/manifestation/chante-et-tais-toi-billet/idmanif/662437/idseance/4355782;
19:00;Ailleurs - Comédie des Champs-Elysées, Paris;Comédie des Champs-Elysées;15 avenue Montaigne 75008 PARIS;billetreduc, fnac, ticketmaster;https://www.awin1.com/pclick.php?p=44933045724&a=3071471&m=20796 | https://www.awin1.com/pclick.php?p=45015021210&a=3071471&m=12494 | https://www.ticketmaster.fr/fr/manifestation/ailleurs-billet/idmanif/662651/idseance/4356332;
21:00;Chante et Tais-Toi - Comédie des Champs-Elysées, Paris;Comédie des Champs-Elysées;15 avenue Montaigne 75008 PARIS;billetreduc, fnac, ticketmaster;https://www.awin1.com/pclick.php?p=44928364172&a=3071471&m=20796 | https://www.awin1.com/pclick.php?p=45011360022&a=3071471&m=12494 | https://www.ticketmaster.fr/fr/manifestation/chante-et-tais-toi-billet/idmanif/662437/idseance/4355783;
11:00;Peter Pan et le Pays Imaginaire - Comédie Oberkampf, Paris;Comédie Oberkampf;115 rue du Chemin Vert 75011 PARIS;billetreduc, fnac;https://www.awin1.com/pclick.php?p=45841147884&a=3071471&m=20796 | https://www.awin1.com/pclick.php?p=46027263340&a=3071471&m=12494;
16:00;Chéri, on se Dit Tout ! - Comédie Oberkampf, Paris;Comédie Oberkampf;115 rue du Chemin Vert 75011 PARIS;billetreduc, fnac;https://www.awin1.com/pclick.php?p=41682256569&a=3071471&m=20796 | https://www.awin1.com/pclick.php?p=45887832043&a=3071471&m=12494;
18:00;Chéri, on se Dit Tout ! - Comédie Oberkampf, Paris;Comédie Oberkampf;115 rue du Chemin Vert 75011 PARIS;billetreduc, fnac;https://www.awin1.com/pclick.php?p=41682256569&a=3071471&m=20796 | https://www.awin1.com/pclick.php?p=45887832044&a=3071471&m=12494;
20:00;Chéri, on se Dit Tout ! - Comédie Oberkampf, Paris;Comédie Oberkampf;115 rue du Chemin Vert 75011 PARIS;billetreduc, fnac;https://www.awin1.com/pclick.php?p=41682256569&a=3071471&m=20796 | https://www.awin1.com/pclick.php?p=45887832045&a=3071471&m=12494;
21:30;Chéri, on se Dit Tout ! - Comédie Oberkampf, Paris;Comédie Oberkampf;115 rue du Chemin Vert 75011 PARIS;billetreduc, fnac;https://www.awin1.com/pclick.php?p=41682256569&a=3071471&m=20796 | https://www.awin1.com/pclick.php?p=45887832046&a=3071471&m=12494;
16:00;Le Rôti - La nouvelle comédie d'Amanda Sthers;Comédie Saint Martin;33 boulevard Saint Martin 75003 Paris;billetreduc;https://www.awin1.com/pclick.php?p=43013231804&a=3071471&m=20796;
20:00;Le Rôti - La nouvelle comédie d'Amanda Sthers;Comédie Saint Martin;33 boulevard Saint Martin 75003 Paris;billetreduc;https://www.awin1.com/pclick.php?p=43013231804&a=3071471&m=20796;
11:00;Petite Abeille Sait Faire du Miel - Comédie Tour Eiffel, Paris;Comédie Tour Eiffel;14 rue Desaix 75015 PARIS;billetreduc, fnac;https://www.awin1.com/pclick.php?p=45700741272&a=3071471&m=20796 | https://www.awin1.com/pclick.php?p=45926281902&a=3071471&m=12494;
14:00;Les Petits Mythos: Le Cheval de Troie -  La Comédie Tour Eiffel, PARIS;Comédie Tour Eiffel;14 rue Desaix 75015 PARIS;billetreduc, fnac;https://www.awin1.com/pclick.php?p=45700741266&a=3071471&m=20796 | https://www.awin1.com/pclick.php?p=45926282044&a=3071471&m=12494;
16:00;Mademoiselle Soleil et Monsieur Lune, Comédie Tour Eiffel - Paris;Comédie Tour Eiffel;14 rue Desaix 75015 PARIS;billetreduc, fnac;https://www.awin1.com/pclick.php?p=45700741271&a=3071471&m=20796 | https://www.awin1.com/pclick.php?p=45926281892&a=3071471&m=12494;
17:30;Le Bourgeois Gentilhomme, Comédie Tour Eiffel - Paris;Comédie Tour Eiffel;14 rue Desaix 75015 PARIS;billetreduc, fnac;https://www.awin1.com/pclick.php?p=45700741267&a=3071471&m=20796 | https://www.awin1.com/pclick.php?p=45926281884&a=3071471&m=12494;
;Agenda Culturel du Conservatoire Charles Munch 2026 2027;Conservatoire Municipal Charles Munch;7, rue Duranti 75011 Paris;paris_qfap;https://www.paris.fr/evenements/agenda-culturel-du-conservatoire-charles-munch-124182;
;Les événements du conservatoire Claude Debussy;Conservatoire Municipal Claude Debussy - site Courcelles;222 rue de Courcelles 75017 Paris;paris_qfap;https://www.paris.fr/evenements/les-evenements-du-conservatoire-claude-debussy-124509;
;L'agenda du Conservatoire Erik Satie;Conservatoire Municipal Erik Satie;135 Bis rue de l’Université 75007 Paris;paris_qfap;https://www.paris.fr/evenements/l-agenda-du-conservatoire-erik-satie-99419;
;Agenda artistique du Conservatoire Municipal Francis Poulenc;Conservatoire Municipal Francis Poulenc;11, rue Jean de la Fontaine 75016 Paris;paris_qfap;https://www.paris.fr/evenements/agenda-artistique-du-conservatoire-municipal-francis-poulenc-106408;
;Les Automnales du 10e;Conservatoire municipal Hector Berlioz;6 Rue Pierre Bullet 75010 Paris;paris_qfap;https://www.paris.fr/evenements/les-automnales-du-10e-115579;
14:00;Carnaval;Conservatoire municipal Hector Berlioz;6 Rue Pierre Bullet 75010 Paris;paris_qfap;https://www.paris.fr/evenements/carnaval-115676;
15:30;Audition de classe : Le son des cordes;Conservatoire Municipal Nadia et Lili Boulanger;17 Rue de Rochechouart 75009 Paris;paris_qfap;https://www.paris.fr/evenements/les-cordes-s-accordent-89835;
;Les heures musicales;Conservatoire Municipal W. A. Mozart (Centre);7, passage de la Canopée 75001 Paris;paris_qfap;https://www.paris.fr/evenements/les-heures-musicales-124986;
;Les évènements du conservatoire Mozart;Conservatoire Municipal W. A. Mozart (Centre);7, passage de la Canopée 75001 Paris;paris_qfap;https://www.paris.fr/evenements/les-evenements-du-conservatoire-mozart-92788;
14:00;Auditions 26-27;Conservatoire à rayonnement régional de Paris - Ida Rubinstein;14, rue de Madrid 75008 Paris;paris_qfap;https://www.paris.fr/evenements/auditions-25-26-92345;
;L'agenda du CRR de Paris;Conservatoire à rayonnement régional de Paris - Ida Rubinstein, site Italie;18 avenue de la porte d’Italie 75013 Paris;paris_qfap;https://www.paris.fr/evenements/l-agenda-et-les-evenements-du-crr-de-paris-ida-rubinstein-90297;
19:00;Totally Crazy - Le Spectacle du Crazy Horse;Crazy Horse Paris;12 avenue George V 75008 PARIS;billetreduc, fnac;https://www.awin1.com/pclick.php?p=40230364998&a=3071471&m=20796 | https://www.awin1.com/pclick.php?p=44067126607&a=3071471&m=12494;
19:00;TOTALLY CRAZY ! - REVUE & CHAMPAGNE - REVUE & CHAMPAGNE;Crazy Horse Paris;12 AVENUE GEORGE V Paris;ticketmaster;https://www.ticketmaster.fr/fr/manifestation/totally-crazy-revue-champagne-billet/idmanif/646886/idtier/18864121;
21:30;Totally Crazy - Le Spectacle du Crazy Horse;Crazy Horse Paris;12 avenue George V 75008 PARIS;billetreduc, fnac;https://www.awin1.com/pclick.php?p=40230364998&a=3071471&m=20796 | https://www.awin1.com/pclick.php?p=45229260092&a=3071471&m=12494;
21:30;TOTALLY CRAZY ! - REVUE & CHAMPAGNE - REVUE & CHAMPAGNE;Crazy Horse Paris;12 AVENUE GEORGE V Paris;ticketmaster;https://www.ticketmaster.fr/fr/manifestation/totally-crazy-revue-champagne-billet/idmanif/646886/idtier/18864121;
23:45;Totally Crazy - Le Spectacle du Crazy Horse;Crazy Horse Paris;12 avenue George V 75008 PARIS;billetreduc, fnac;https://www.awin1.com/pclick.php?p=40230364998&a=3071471&m=20796 | https://www.awin1.com/pclick.php?p=45229260196&a=3071471&m=12494;
23:45;TOTALLY CRAZY ! - REVUE & CHAMPAGNE - REVUE & CHAMPAGNE;Crazy Horse Paris;12 AVENUE GEORGE V Paris;ticketmaster;https://www.ticketmaster.fr/fr/manifestation/totally-crazy-revue-champagne-billet/idmanif/646886/idtier/18864121;
15:00;Le Roi Soleil - Dôme de Paris;Dôme de Paris;Porte de Versailles 75015 PARIS;billetreduc, fnac, ticketmaster;https://www.awin1.com/pclick.php?p=43343188261&a=3071471&m=12494 | https://www.awin1.com/pclick.php?p=46148141092&a=3071471&m=20796 | https://www.ticketmaster.fr/fr/manifestation/le-roi-soleil-billet/idmanif/642899/idseance/4219516;
20:30;Le Roi Soleil - Dôme de Paris;Dôme de Paris;Porte de Versailles 75015 PARIS;billetreduc, fnac, ticketmaster;https://www.awin1.com/pclick.php?p=43343188262&a=3071471&m=12494 | https://www.awin1.com/pclick.php?p=46148141092&a=3071471&m=20796 | https://www.ticketmaster.fr/fr/manifestation/le-roi-soleil-billet/idmanif/642899/idseance/4219517;
;Musique en Mouvement - Ecole de musique;Ecole Musique en Mouvement;36 rue Gassendi 75014 Paris;paris_qfap;https://www.paris.fr/evenements/musique-en-mouvement-ecole-de-musique-110232;
20:45;Boléro de Ravel / Requiem de Mozart;Eglise de la Madeleine;Place de la Madeleine 75008 Paris;billetreduc;https://www.awin1.com/pclick.php?p=33373359399&a=3071471&m=20796;
20:45;Requiem de Mozart - Boléro de Ravel - Le Choeur Ephémère de Paris;Eglise de la Madeleine;Place de la Madeleine 75008 PARIS;fnac, paris_qfap, ticketmaster;https://www.awin1.com/pclick.php?p=43622424663&a=3071471&m=12494 | https://www.paris.fr/evenements/requiem-de-mozart-bolero-de-ravel-23321 | https://www.ticketmaster.fr/fr/manifestation/requiem-de-mozart-bolero-de-ravel-billet/idmanif/639486/idseance/4336739;
17:00;Bach : Les Variations Goldberg;Eglise Saint Ephrem;17 rue des Carmes 75005 Paris;billetreduc;https://www.awin1.com/pclick.php?p=30021921923&a=3071471&m=20796;
20:40;J.S. Bach : Suite N°2 Offrande Musicale;Eglise Saint Germain Des Prés;3 place St Germain des Prés 75006 PARIS;fnac, ticketmaster;https://www.awin1.com/pclick.php?p=44882734311&a=3071471&m=12494 | https://www.ticketmaster.fr/fr/manifestation/js-bach-suite-n-2-billet/idmanif/661952/idtier/18864121;
20:45;A Night in Montmartre : Hommage à Ennio Morricone et les plus beaux Ave Maria;Eglise Saint Jean de Montmartre;19 rue des abbesses 75018 Paris;billetreduc;https://www.awin1.com/pclick.php?p=45989035210&a=3071471&m=20796;
19:00;Chopin Par Philippe Alègre Piano Passion;Eglise Saint Julien le Pauvre;1 Rue Saint-Julien le Pauvre 75005 Paris;billetreduc;https://www.awin1.com/pclick.php?p=43661757819&a=3071471&m=20796;
16:00;Concert à 2 choeurs et solistes lyriques;Eglise Saint Séverin;1 rue des prêtres Saint-Séverin 75005 Paris;billetreduc, paris_qfap;https://www.awin1.com/pclick.php?p=46063666394&a=3071471&m=20796 | https://www.paris.fr/evenements/concert-a-2-choeurs-solistes-lyriques-124521;
20:40;Concerts à Saint-Germain des Près;Eglise Saint-Germain-des-Prés;Place Saint Germain des Prés 75006 Paris;billetreduc;https://www.awin1.com/pclick.php?p=44870247802&a=3071471&m=20796;
16:30;L'Ensemble Royal de Paris;Eglise Saint-Julien le Pauvre;Rue Saint-Julien le Pauvre 75005 PARIS;billetreduc, fnac;https://www.awin1.com/pclick.php?p=40538998036&a=3071471&m=20796 | https://www.awin1.com/pclick.php?p=45926281923&a=3071471&m=12494;
20:30;Vivaldi : Les Quatre Saisons - Ave Maria et Airs Sacrés;Eglise Saint-Paul-Saint-Louis;99, rue Saint-Antoine 75004 PARIS;billetreduc, fnac, ticketmaster;https://www.awin1.com/pclick.php?p=44101296120&a=3071471&m=20796 | https://www.awin1.com/pclick.php?p=45188125854&a=3071471&m=12494 | https://www.ticketmaster.fr/fr/manifestation/vivaldi-les-quatre-saisons-billet/idmanif/666755/idtier/18864121;
20:30;Les Nuits de Saint-Roch - Un Voyage à Travers l'Histoire de l'Art - Église Saint-Roch, Paris;Eglise Saint-Roch;296, rue Saint-Honoré 75001 PARIS;billetreduc, fnac, ticketmaster;https://www.awin1.com/pclick.php?p=45877006241&a=3071471&m=20796 | https://www.awin1.com/pclick.php?p=46194033812&a=3071471&m=12494 | https://www.ticketmaster.fr/fr/manifestation/les-nuits-de-saint-roch-billet/idmanif/672917/idseance/4424568;
21:45;Les Nuits de Saint-Roch - Un Voyage à Travers l'Histoire de l'Art - Église Saint-Roch, Paris;Eglise Saint-Roch;296, rue Saint-Honoré 75001 PARIS;billetreduc, fnac, ticketmaster;https://www.awin1.com/pclick.php?p=45877006241&a=3071471&m=20796 | https://www.awin1.com/pclick.php?p=46194033811&a=3071471&m=12494 | https://www.ticketmaster.fr/fr/manifestation/les-nuits-de-saint-roch-billet/idmanif/672917/idseance/4424567;
16:00;Musica Transalpina;Eglise Sainte-Elisabeth de Hongrie;195 rue du Temple75003 Paris;openagenda;https://openagenda.com/fr/dioceseparis/events/musica-transalpina;
19:30;Ubu roi;El Clan Destino;18, rue des Envierges 75020 Paris;billetreduc;https://www.awin1.com/pclick.php?p=45512587636&a=3071471&m=20796;
20:00;PRESTATION MIDNIGHT TIL MORNING;Elysee Montmartre;72, boulevard Rochechouart Paris;fnac, ticketmaster;https://www.awin1.com/pclick.php?p=44562840284&a=3071471&m=12494 | https://www.ticketmaster.fr/fr/manifestation/midnight-til-morning-billet/idmanif/643700/idtier/18864121 | https://www.ticketmaster.fr/fr/manifestation/midnight-til-morning-billet/idmanif/643703/idtier/18864121 | https://www.ticketmaster.fr/fr/manifestation/midnight-til-morning-billet/idmanif/643707/idtier/18864121 | https://www.ticketmaster.fr/fr/manifestation/midnight-til-morning-billet/idmanif/657311/idtier/18864121 | https://www.ticketmaster.fr/fr/manifestation/prestation-midnight-til-morning-billet/idmanif/657317/idtier/18864121;
16:30;Emelina Cundiamor - Théâtre de l'Epée de Bois - Paris;Epée de Bois - Salle Studio;Route du champs de manoeuvre 75012 PARIS;fnac;https://www.awin1.com/pclick.php?p=45395422682&a=3071471&m=12494;
21:00;Emelina Cundiamor - Théâtre de l'Epée de Bois - Paris;Epée de Bois - Salle Studio;Route du champs de manoeuvre 75012 PARIS;fnac;https://www.awin1.com/pclick.php?p=45395422683&a=3071471&m=12494;
15:00;Flash, Le petit papillon dont les minutes sont contées;Espace Paris Plaine;13 rue du Général Guillaumat 75015 Paris;billetreduc, paris_qfap;https://www.awin1.com/pclick.php?p=44785972941&a=3071471&m=20796 | https://www.paris.fr/evenements/flash-le-petit-papillon-dont-les-minutes-sont-contees-117026;
11:00;Le Petit Chat Botté - Essaïon - Salle Théâtre, Paris;Essaïon - Salle Cabaret;6, rue Pierre-au-Lard 75004 PARIS;billetreduc, fnac, ticketmaster;https://www.awin1.com/pclick.php?p=44747391416&a=3071471&m=20796 | https://www.awin1.com/pclick.php?p=45355853511&a=3071471&m=12494 | https://www.ticketmaster.fr/fr/manifestation/le-petit-chat-botte-billet/idmanif/668141/idtier/18864121;
11:00;Les Mots Magiques - Théâtre de l'Essaïon, Paris;Essaïon - Salle Cabaret;6, rue Pierre-au-Lard 75004 PARIS;billetreduc, fnac, paris_qfap, ticketmaster;https://www.awin1.com/pclick.php?p=41860307583&a=3071471&m=12494 | https://www.awin1.com/pclick.php?p=44715760389&a=3071471&m=20796 | https://www.awin1.com/pclick.php?p=44844386547&a=3071471&m=12494 | https://www.paris.fr/evenements/ce-matin-la-117024 | https://www.ticketmaster.fr/fr/manifestation/ce-matin-la-billet/idmanif/660868/idtier/18864121;
16:00;Le Livre de la Jungle - Théâtre de l'Essaion, Paris;Essaïon - Salle Cabaret;6, rue Pierre-au-Lard 75004 PARIS;billetreduc, fnac, ticketmaster;https://www.awin1.com/pclick.php?p=44621874401&a=3071471&m=20796 | https://www.awin1.com/pclick.php?p=44854775324&a=3071471&m=12494 | https://www.ticketmaster.fr/fr/manifestation/le-livre-de-la-jungle-billet/idmanif/662381/idtier/18864121;
19:00;Mozart, le Dernier Voyage à Paris - Théâtre de l'Essaïon, Paris;Essaïon - Salle Cabaret;6, rue Pierre-au-Lard 75004 PARIS;billetreduc, fnac, ticketmaster;https://www.awin1.com/pclick.php?p=44131539446&a=3071471&m=20796 | https://www.awin1.com/pclick.php?p=45859822980&a=3071471&m=12494 | https://www.ticketmaster.fr/fr/manifestation/mozart-le-dernier-voyage-a-paris-billet/idmanif/652426/idtier/18864121;
21:00;Les Carnets du Sous-Sol de Dostoïevski - Théâtre L'Essaïon, Paris;Essaïon - Salle Cabaret;6, rue Pierre-au-Lard 75004 PARIS;billetreduc, fnac, ticketmaster;https://www.awin1.com/pclick.php?p=44676814544&a=3071471&m=20796 | https://www.awin1.com/pclick.php?p=45239377385&a=3071471&m=12494 | https://www.ticketmaster.fr/fr/manifestation/les-carnets-du-sous-sol-billet/idmanif/666993/idtier/18864121;
14:20;La Sorcière du Placard aux Balais - Essaïon - Salle Théâtre, Paris;Essaïon - Salle Théâtre;6, rue Pierre-au-Lard 75004 PARIS;billetreduc, fnac, ticketmaster;https://www.awin1.com/pclick.php?p=44379067523&a=3071471&m=20796 | https://www.awin1.com/pclick.php?p=44612587850&a=3071471&m=12494 | https://www.ticketmaster.fr/fr/manifestation/la-sorciere-du-placard-aux-balais-billet/idmanif/658683/idtier/18864121;
16:00;Le Roman de Renart - Théâtre de l'Essaïon, Paris;Essaïon - Salle Théâtre;6, rue Pierre-au-Lard 75004 PARIS;billetreduc, fnac;https://www.awin1.com/pclick.php?p=45190220381&a=3071471&m=20796 | https://www.awin1.com/pclick.php?p=45859828652&a=3071471&m=12494;
19:00;Encore une Marilyn, Mais Cette Fois-çi La Vraie -Théâtre  Essaïon - Paris;Essaïon - Salle Théâtre;6, rue Pierre-au-Lard 75004 PARIS;billetreduc, fnac;https://www.awin1.com/pclick.php?p=45210230244&a=3071471&m=20796 | https://www.awin1.com/pclick.php?p=45859824464&a=3071471&m=12494;
20:50;Sophie Forte - La Valise - Théâtre de l'Essaïon, Paris;Essaïon - Salle Théâtre;6, rue Pierre-au-Lard 75004 PARIS;billetreduc, fnac, ticketmaster;https://www.awin1.com/pclick.php?p=44933045605&a=3071471&m=20796 | https://www.awin1.com/pclick.php?p=45278833217&a=3071471&m=12494 | https://www.ticketmaster.fr/fr/manifestation/sophie-forte-la-valise-billet/idmanif/667336/idseance/4382814;
18:30;Anatole Guérin dans Echecs et maths;Factorielle 52;70 Rue du Chevaleret 75013 Paris;billetreduc;https://www.awin1.com/pclick.php?p=44074778646&a=3071471&m=20796;
19:00;Guinguette Circus;Ferme Montsouris;17, villa Saint Jacques 75014 Paris;paris_qfap;https://www.paris.fr/evenements/guinguette-circus-124240;
;Ciné spectacle : Drôles d'inventions;Fondation Jérôme Seydoux-Pathé;73 avenue des Gobelins 75013 Paris;paris_qfap;https://www.paris.fr/evenements/cine-spectacle-droles-d-inventions-105291;
13:00;Jeu de piste en autonomie : Un livre sur le Quartier Latin;Fontaine Saint Michel;Place Saint-André-des-arts 75005 Paris;billetreduc;https://www.awin1.com/pclick.php?p=34290974465&a=3071471&m=20796;
14:00;Jeu de piste en autonomie : Un livre sur le Quartier Latin;Fontaine Saint Michel;Place Saint-André-des-arts 75005 Paris;billetreduc;https://www.awin1.com/pclick.php?p=34290974465&a=3071471&m=20796;
23:25;L'Embarras du choix;Gaité Montparnasse;26, rue de la Gaîté 75014 Paris;billetreduc;https://www.awin1.com/pclick.php?p=30965600201&a=3071471&m=20796;
14:30;Les Visites-Enquêtes : L'Enquête du Palais Royal;Galerie Vivienne;17 rue de Beaujolais 75001 Paris;billetreduc;https://www.awin1.com/pclick.php?p=27589239125&a=3071471&m=20796;
13:00;Jeu de piste en autonomie : un oubli près des Champs Elysées;Galeries Nationales du Grand Palais;3 avenue du Général Eisenhower - Entrée Square Jean Perrin 75008 Paris;billetreduc;https://www.awin1.com/pclick.php?p=41359804358&a=3071471&m=20796;
14:00;Jeu de piste en autonomie : un oubli près des Champs Elysées;Galeries Nationales du Grand Palais;3 avenue du Général Eisenhower - Entrée Square Jean Perrin 75008 Paris;billetreduc;https://www.awin1.com/pclick.php?p=41359804358&a=3071471&m=20796;
13:45;Golden Comedy Club;Golden Comedy Châtelet;163 rue Saint-Martin 75003 Paris;billetreduc;https://www.awin1.com/pclick.php?p=33645042573&a=3071471&m=20796;
14:45;Golden Comedy Club;Golden Comedy Châtelet;163 rue Saint-Martin 75003 Paris;billetreduc;https://www.awin1.com/pclick.php?p=33645042573&a=3071471&m=20796;
16:00;Golden Comedy Club;Golden Comedy Châtelet;163 rue Saint-Martin 75003 Paris;billetreduc;https://www.awin1.com/pclick.php?p=33645042573&a=3071471&m=20796;
17:15;Golden Comedy Club;Golden Comedy Châtelet;163 rue Saint-Martin 75003 Paris;billetreduc;https://www.awin1.com/pclick.php?p=33645042573&a=3071471&m=20796;
18:30;Golden Comedy Club;Golden Comedy Châtelet;163 rue Saint-Martin 75003 Paris;billetreduc;https://www.awin1.com/pclick.php?p=33645042573&a=3071471&m=20796;
19:45;Golden Comedy Club;Golden Comedy Châtelet;163 rue Saint-Martin 75003 Paris;billetreduc;https://www.awin1.com/pclick.php?p=33645042573&a=3071471&m=20796;
20:55;Golden Comedy Club;Golden Comedy Châtelet;163 rue Saint-Martin 75003 Paris;billetreduc;https://www.awin1.com/pclick.php?p=33645042573&a=3071471&m=20796;
22:00;Golden Comedy Club;Golden Comedy Châtelet;163 rue Saint-Martin 75003 Paris;billetreduc;https://www.awin1.com/pclick.php?p=33645042573&a=3071471&m=20796;
23:15;Golden Comedy Club;Golden Comedy Châtelet;163 rue Saint-Martin 75003 Paris;billetreduc;https://www.awin1.com/pclick.php?p=33645042573&a=3071471&m=20796;
15:30;Le Second Degré Comedy;Golden Comedy Spot;36 rue Dalayrac 75002 Paris;billetreduc;https://www.awin1.com/pclick.php?p=43466033666&a=3071471&m=20796;
16:45;Le Second Degré Comedy;Golden Comedy Spot;36 rue Dalayrac 75002 Paris;billetreduc;https://www.awin1.com/pclick.php?p=43466033666&a=3071471&m=20796;
19:00;Le Second Degré Comedy;Golden Comedy Spot;36 rue Dalayrac 75002 Paris;billetreduc;https://www.awin1.com/pclick.php?p=43466033666&a=3071471&m=20796;
20:15;Le Second Degré Comedy;Golden Comedy Spot;36 rue Dalayrac 75002 Paris;billetreduc;https://www.awin1.com/pclick.php?p=43466033666&a=3071471&m=20796;
21:30;Le Second Degré Comedy;Golden Comedy Spot;36 rue Dalayrac 75002 Paris;billetreduc;https://www.awin1.com/pclick.php?p=43466033666&a=3071471&m=20796;
22:45;Le Second Degré Comedy;Golden Comedy Spot;36 rue Dalayrac 75002 Paris;billetreduc;https://www.awin1.com/pclick.php?p=43466033666&a=3071471&m=20796;
10:00;Voyagez avec Jules Verne dans un spectacle immersif inoubliable au Grand Hôtel des Rêves !;Grand Hôtel des rêves;47, rue du Cardinal Lemoine 75005 Paris;paris_qfap;https://www.paris.fr/evenements/voyagez-avec-jules-verne-dans-un-spectacle-immersif-inoubliable-au-grand-hotel-des-reves-113358;
10:01;CEZANNE & NOUS - BILLET SIMPLE;GRAND PALAIS;17 AVENUE DU GÉNÉRAL EISENHOWER Paris;ticketmaster;https://www.ticketmaster.fr/fr/manifestation/cezanne-nous-billet-simple-billet/idmanif/671292/idseance/4403472 | https://www.ticketmaster.fr/fr/manifestation/cezanne-nous-billet-simple-billet/idmanif/671292/idseance/4403473 | https://www.ticketmaster.fr/fr/manifestation/cezanne-nous-billet-simple-billet/idmanif/671292/idseance/4403474 | https://www.ticketmaster.fr/fr/manifestation/cezanne-nous-billet-simple-billet/idmanif/671292/idseance/4403475 | https://www.ticketmaster.fr/fr/manifestation/cezanne-nous-billet-simple-billet/idmanif/671292/idseance/4403476 | https://www.ticketmaster.fr/fr/manifestation/cezanne-nous-billet-simple-billet/idmanif/671292/idseance/4403477 | https://www.ticketmaster.fr/fr/manifestation/cezanne-nous-billet-simple-billet/idmanif/671292/idseance/4403478 | https://www.ticketmaster.fr/fr/manifestation/cezanne-nous-billet-simple-billet/idmanif/671292/idseance/4403479 | https://www.ticketmaster.fr/fr/manifestation/cezanne-nous-billet-simple-billet/idmanif/671292/idseance/4403480 | https://www.ticketmaster.fr/fr/manifestation/cezanne-nous-billet-simple-billet/idmanif/671292/idseance/4403481 | https://www.ticketmaster.fr/fr/manifestation/cezanne-nous-billet-simple-billet/idmanif/671292/idseance/4403482 | https://www.ticketmaster.fr/fr/manifestation/cezanne-nous-billet-simple-billet/idmanif/671292/idseance/4403483 | https://www.ticketmaster.fr/fr/manifestation/cezanne-nous-billet-simple-billet/idmanif/671292/idseance/4403484 | https://www.ticketmaster.fr/fr/manifestation/cezanne-nous-billet-simple-billet/idmanif/671292/idseance/4403485 | https://www.ticketmaster.fr/fr/manifestation/cezanne-nous-billet-simple-billet/idmanif/671292/idseance/4403486 | https://www.ticketmaster.fr/fr/manifestation/cezanne-nous-billet-simple-billet/idmanif/671292/idseance/4403487;
10:00;GREVIN - BILLET DATE 2026;GREVIN;10 BD MONTMARTRE Paris;ticketmaster;https://www.ticketmaster.fr/fr/manifestation/grevin-billet-date-2026-billet/idmanif/642493/idtier/18864121;
10:00;GREVIN - PASS FAMILLE 2026;GREVIN;10 BD MONTMARTRE Paris;ticketmaster;https://www.ticketmaster.fr/fr/manifestation/grevin-pass-famille-2026-billet/idmanif/642479/idtier/18864121;
15:00;Le caillou enchanté de la fée Barnabé;Guichet Montparnasse;15, rue du Maine 75014 Paris;billetreduc;https://www.awin1.com/pclick.php?p=45852602644&a=3071471&m=20796;
17:00;Next !;Guichet Montparnasse;15, rue du Maine 75014 Paris;billetreduc;https://www.awin1.com/pclick.php?p=44561199002&a=3071471&m=20796;
19:00;De Profundis;Guichet Montparnasse;15, rue du Maine 75014 Paris;billetreduc;https://www.awin1.com/pclick.php?p=45139532897&a=3071471&m=20796;
20:30;Aby;Guichet Montparnasse;15, rue du Maine 75014 Paris;billetreduc;https://www.awin1.com/pclick.php?p=45010996816&a=3071471&m=20796;
10:00;COLL. PERMANENTES & EXPO. TEMPORAIRES;GUIMET - MUSÉE NATIONAL DES ARTS ASIATIQUES;6 PLACE D'IENA Paris;ticketmaster;https://www.ticketmaster.fr/fr/manifestation/coll-permanentes-expo-temporaires-billet/idmanif/636101/idtier/18864121 | https://www.ticketmaster.fr/fr/manifestation/coll-permanentes-expo-temporaires-billet/idmanif/644857/idseance/4233965;
21:30;Le Loup Comedy;Hôtel 1K Paris;13, Boulevard du Temple 75003 Paris;billetreduc;https://www.awin1.com/pclick.php?p=45934404902&a=3071471&m=20796;
11:00;"Monument Jeu d'Enfant : jeu d'enquête en famille ""1792. L’affaire des joyaux disparus""";Hôtel de la Marine;2, place de la Concorde 75008 Paris;paris_qfap;https://www.paris.fr/evenements/visite-atelier-l-art-de-la-frivolite-hotel-de-la-marine-123625;
15:00;"Monument Jeu d'Enfant : jeu d'enquête en famille ""1792. L’affaire des joyaux disparus""";Hôtel de la Marine;2, place de la Concorde 75008 Paris;paris_qfap;https://www.paris.fr/evenements/visite-atelier-l-art-de-la-frivolite-hotel-de-la-marine-123625;
20:30;Le Kube Comedy Club;Hôtel Kube;1-5 passage Ruelle 75018 Paris;billetreduc;https://www.awin1.com/pclick.php?p=38798043838&a=3071471&m=20796;
14:00;Jeu de piste en autonomie : Le jardin des Tuileries;Jardin des Tuileries;place de la concorde 75001 Paris;billetreduc;https://www.awin1.com/pclick.php?p=45237403959&a=3071471&m=20796;
;Kiosque en Fête au jardin Nelson Mandela;Jardin Nelson Mandela;32, rue Berger 75001 Paris;paris_qfap;https://www.paris.fr/evenements/kiosque-en-fete-au-jardin-nelson-mandela-108547;
;Kiosque en Fête au jardin Villemin - Mahsa Jîna Amini;Jardin Villemin - Mahsa Jîna Amini;14 rue des Récollets 75010 Paris;paris_qfap;https://www.paris.fr/evenements/kiosque-en-fete-au-jardin-villemin-mahsa-jina-amini-108554;
;Kiosque en Fête au jardin des Champs-Élysées;Jardins des Champs-Élysées;10 avenue des Champs-Élysées 75008 Paris;paris_qfap;https://www.paris.fr/evenements/kiosque-en-fete-a-l-amphitheatre-des-jardins-d-eole-86974 | https://www.paris.fr/evenements/kiosque-en-fete-au-jardin-curial-108640 | https://www.paris.fr/evenements/kiosque-en-fete-au-jardin-de-marianne-108567 | https://www.paris.fr/evenements/kiosque-en-fete-au-jardin-des-champs-elysees-108549 | https://www.paris.fr/evenements/kiosque-en-fete-au-jardin-du-ranelagh-86996;
19:30;Mokhtar Samba & The African Messengers;JASS CLUB;141 Rue de Tolbiac, Paris;openagenda;https://openagenda.com/fr/jassclub-paris/events/mokhtar-samba-and-the-african-messengers;
21:30;Mokhtar Samba & The African Messengers;JASS CLUB;141 Rue de Tolbiac, Paris;openagenda;https://openagenda.com/fr/jassclub-paris/events/mokhtar-samba-and-the-african-messengers;
22:30;Jam session Afrobeat / Mokhtar Samba & The African Messengers;JASS CLUB;141 Rue de Tolbiac, Paris;openagenda;https://openagenda.com/fr/jassclub-paris/events/jam-session-afrobeat-mokhtar-samba-and-the-african-messengers;
17:00;Kido Comedy Club & Restaurant;Kido Comedy Club;39 boulevard Saint-Michel 75005 Paris;billetreduc;https://www.awin1.com/pclick.php?p=44385556080&a=3071471&m=20796;
18:30;Kido Comedy Club & Restaurant;Kido Comedy Club;39 boulevard Saint-Michel 75005 Paris;billetreduc;https://www.awin1.com/pclick.php?p=44385556080&a=3071471&m=20796;
20:00;Kido Comedy Club & Restaurant;Kido Comedy Club;39 boulevard Saint-Michel 75005 Paris;billetreduc;https://www.awin1.com/pclick.php?p=44385556080&a=3071471&m=20796;
21:30;Kido Comedy Club & Restaurant;Kido Comedy Club;39 boulevard Saint-Michel 75005 Paris;billetreduc;https://www.awin1.com/pclick.php?p=44385556080&a=3071471&m=20796;
;Kiosque en Fête au Boulevard Blanqui;Kiosque du boulevard Blanqui;Sur le terre-plein central, face au n°5 du Boulevard Blanqui 75013 Paris;paris_qfap;https://www.paris.fr/evenements/kiosque-en-fete-au-boulevard-blanqui-108593;
20:30;Boriss Chelin dans Instant présent;Kube Comedy Club;1 Passage Ruelle 75018 Paris;billetreduc;https://www.awin1.com/pclick.php?p=44010751426&a=3071471&m=20796;
17:00;Le Chapeau Magique - L'Antre Acte - L'Antre Magique, Paris;L'ANTRE ACTE - L'ANTRE MAGIQUE;50 RUE ST GEORGES 75009 PARIS;billetreduc, fnac, ticketmaster;https://www.awin1.com/pclick.php?p=27589238489&a=3071471&m=20796 | https://www.awin1.com/pclick.php?p=45222655373&a=3071471&m=12494 | https://www.ticketmaster.fr/fr/manifestation/magie-le-chapeau-magique-billet/idmanif/633981/idseance/4386180;
19:00;Magie Mission Goldfingers - L'Antre Acte - L'Antre Magique, Paris;L'Antre Acte - L'Antre Magique;50 Rue Saint-Georges 75009 PARIS;fnac, ticketmaster;https://www.awin1.com/pclick.php?p=45222655157&a=3071471&m=12494 | https://www.ticketmaster.fr/fr/manifestation/magie-mission-goldfingers-billet/idmanif/633982/idtier/18864121;
14:30;Ça c'est d'la magie !;L'Antre Magique;50 rue Saint Georges 75009 Paris;billetreduc, ticketmaster;https://www.awin1.com/pclick.php?p=38657676275&a=3071471&m=20796 | https://www.ticketmaster.fr/fr/manifestation/ca-c-est-d-la-magie-billet/idmanif/633971/idtier/18864121;
19:00;Christian Gambin dans Mission goldfingers;L'Antre Magique;50 rue Saint Georges 75009 Paris;billetreduc;https://www.awin1.com/pclick.php?p=27589238485&a=3071471&m=20796;
18:00;Le cri des supporters;L'Echangeur;59 avenue du général de Gaulle 93170 Bagnolet;billetreduc;https://www.awin1.com/pclick.php?p=45859413422&a=3071471&m=20796;
17:00;Elodie Arnould - Bijou de Famille - L'Européen, Paris;L'Européen;5, rue Biot 75017 PARIS;billetreduc, fnac, ticketmaster;https://www.awin1.com/pclick.php?p=44801198554&a=3071471&m=20796 | https://www.awin1.com/pclick.php?p=44919381727&a=3071471&m=12494 | https://www.ticketmaster.fr/fr/manifestation/elodie-arnould-billet/idmanif/660487/idtier/18864121;
19:30;Morgane Cadignan - La Nuit Je Mens - L'Européen, Paris;L'Européen;5, rue Biot 75017 PARIS;billetreduc, fnac, ticketmaster;https://www.awin1.com/pclick.php?p=44372407790&a=3071471&m=12494 | https://www.awin1.com/pclick.php?p=44681051132&a=3071471&m=20796 | https://www.ticketmaster.fr/fr/manifestation/morgane-cadignan-billet/idmanif/655055/idseance/4308059;
21:30;Paul Taylor - 10 Years - L'Européen, Paris;L'Européen;5, rue Biot 75017 PARIS;fnac, ticketmaster;https://www.awin1.com/pclick.php?p=46063576067&a=3071471&m=12494 | https://www.ticketmaster.fr/fr/manifestation/paul-taylor-billet/idmanif/673038/idseance/4425543;
20:00;Stormy;L'Olympia;28, bd des Capucines 75009 PARIS;fnac, ticketmaster;https://www.awin1.com/pclick.php?p=45313712047&a=3071471&m=12494 | https://www.ticketmaster.fr/fr/manifestation/stormy-billet/idmanif/667939/idtier/18864121;
20:00;SALIF KEITA;L'OLYMPIA;28, BVD DES CAPUCINES Paris;ticketmaster;https://www.ticketmaster.fr/fr/manifestation/salif-keita-billet/idmanif/641364/idtier/18864121;
10:30;Patapoum et Célestine;La Cachette des 3 Chardons;124 avenue d'Italie 75013 Paris;billetreduc;https://www.awin1.com/pclick.php?p=45961791343&a=3071471&m=20796;
16:00;Patapoum et Célestine;La Cachette des 3 Chardons;124 avenue d'Italie 75013 Paris;billetreduc;https://www.awin1.com/pclick.php?p=45961791343&a=3071471&m=20796;
;La Cité de l'Histoire, l'expérience immersive à travers l'Histoire de France;La Cité de l'Histoire;1, parvis de la Défense - sous la Grande Arche 92800 Puteaux;paris_qfap;https://www.paris.fr/evenements/la-cite-de-l-histoire-l-experience-immersive-a-travers-l-histoire-de-france-37301;
17:30;Orso et moi;La Colline - théâtre national;15, rue Malte Brun 75020 Paris;paris_qfap;https://www.paris.fr/evenements/orso-et-moi-118290;
17:00;C'est beau l'amour, mais ça part toujours en couilles !;La Comédie Number One;3 rue des Déchargeurs 75001 Paris;billetreduc;https://www.awin1.com/pclick.php?p=43482123943&a=3071471&m=20796;
17:00;La Crise de la Quarantaine ! - La Comédie Number One, Paris;La Comédie Number One;3 rue des Déchargeurs 75001 PARIS;billetreduc, fnac;https://www.awin1.com/pclick.php?p=45697668130&a=3071471&m=20796 | https://www.awin1.com/pclick.php?p=45859820336&a=3071471&m=12494;
18:30;C'est Beau l'Amour, Mais ça part Toujours en Couilles ! - La Comédie Number One, Paris;La Comédie Number One;3 rue des Déchargeurs 75001 PARIS;billetreduc, fnac;https://www.awin1.com/pclick.php?p=43482123943&a=3071471&m=20796 | https://www.awin1.com/pclick.php?p=45222659863&a=3071471&m=12494;
20:00;C'est Beau l'Amour, Mais ça part Toujours en Couilles ! - La Comédie Number One, Paris;La Comédie Number One;3 rue des Déchargeurs 75001 PARIS;billetreduc, fnac;https://www.awin1.com/pclick.php?p=43482123943&a=3071471&m=20796 | https://www.awin1.com/pclick.php?p=45222659864&a=3071471&m=12494;
21:30;C'est Beau l'Amour, Mais ça part Toujours en Couilles ! - La Comédie Number One, Paris;La Comédie Number One;3 rue des Déchargeurs 75001 PARIS;billetreduc, fnac;https://www.awin1.com/pclick.php?p=43482123943&a=3071471&m=20796 | https://www.awin1.com/pclick.php?p=45222659865&a=3071471&m=12494;
17:00;ChatGPT : Comment sauver mon couple ? - La Comédie Parisienne, Paris;La Comédie Parisienne;123 rue Saint-Maur 75011 PARIS;billetreduc, fnac;https://www.awin1.com/pclick.php?p=45128839102&a=3071471&m=20796 | https://www.awin1.com/pclick.php?p=45203486160&a=3071471&m=12494;
18:30;ChatGPT : Comment sauver mon couple ? - La Comédie Parisienne, Paris;La Comédie Parisienne;123 rue Saint-Maur 75011 PARIS;billetreduc, fnac;https://www.awin1.com/pclick.php?p=45128839102&a=3071471&m=20796 | https://www.awin1.com/pclick.php?p=45203486161&a=3071471&m=12494;
20:00;ChatGPT : Comment sauver mon couple ? - La Comédie Parisienne, Paris;La Comédie Parisienne;123 rue Saint-Maur 75011 PARIS;billetreduc, fnac;https://www.awin1.com/pclick.php?p=45128839102&a=3071471&m=20796 | https://www.awin1.com/pclick.php?p=45203486162&a=3071471&m=12494;
11:00;Aladin - Comédie Saint-Martin, Paris;La Comédie Saint Martin;33 boulevard Saint Martin 75003 PARIS;billetreduc, fnac, ticketmaster;https://www.awin1.com/pclick.php?p=43071917764&a=3071471&m=20796 | https://www.awin1.com/pclick.php?p=45934227578&a=3071471&m=12494 | https://www.ticketmaster.fr/fr/manifestation/aladin-billet/idmanif/640668/idseance/4409503;
16:00;Le Rôti - La Comédie Saint-Martin, Paris;La Comédie Saint Martin;33 boulevard Saint Martin 75003 PARIS;fnac;https://www.awin1.com/pclick.php?p=45876851109&a=3071471&m=12494;
18:00;Tout Va Bien se Passer ! - La Comédie Saint-Martin, Paris;La Comédie Saint Martin;33 boulevard Saint Martin 75003 PARIS;billetreduc, fnac, ticketmaster;https://www.awin1.com/pclick.php?p=45894638464&a=3071471&m=20796 | https://www.awin1.com/pclick.php?p=45950508656&a=3071471&m=12494 | https://www.ticketmaster.fr/fr/manifestation/tout-va-bien-se-passer-billet/idmanif/671683/idseance/4407040;
20:00;Le Rôti - La Comédie Saint-Martin, Paris;La Comédie Saint Martin;33 boulevard Saint Martin 75003 PARIS;fnac;https://www.awin1.com/pclick.php?p=45876851110&a=3071471&m=12494;
21:15;Tout Va Bien se Passer ! - La Comédie Saint-Martin, Paris;La Comédie Saint Martin;33 boulevard Saint Martin 75003 PARIS;billetreduc, fnac, ticketmaster;https://www.awin1.com/pclick.php?p=45894638464&a=3071471&m=20796 | https://www.awin1.com/pclick.php?p=45950508657&a=3071471&m=12494 | https://www.ticketmaster.fr/fr/manifestation/tout-va-bien-se-passer-billet/idmanif/671683/idseance/4407041;
12:25;Le crime de Lord Arthur Savile;La Comédie Saint Michel - grande salle ;95, Boulevard Saint-Michel 75005 Paris;billetreduc;https://www.awin1.com/pclick.php?p=45365882594&a=3071471&m=20796;
17:45;Les femmes savantes;La Comédie Saint Michel - grande salle ;95, Boulevard Saint-Michel 75005 Paris;billetreduc, ticketmaster;https://www.awin1.com/pclick.php?p=44328942759&a=3071471&m=20796 | https://www.ticketmaster.fr/fr/manifestation/les-femmes-savantes-billet/idmanif/633553/idseance/4410840;
18:45;Matthias Deux Thé dans L'heure des thés;La Comédie Saint Michel - petite salle ;95, Boulevard Saint-Michel 75005 Paris;billetreduc;https://www.awin1.com/pclick.php?p=45381490502&a=3071471&m=20796;
15:00;Kids Musical Academy - Comédie Saint-Michel, Paris;La Comédie St-Michel - Grande Salle;95 Boulevard Saint Michel 75005 PARIS;billetreduc, fnac, ticketmaster;https://www.awin1.com/pclick.php?p=41448703726&a=3071471&m=20796 | https://www.awin1.com/pclick.php?p=45859821544&a=3071471&m=12494 | https://www.ticketmaster.fr/fr/manifestation/kids-musical-academy-billet/idmanif/625777/idseance/4395203;
16:15;T Comme Pirates - La Comédie St-Michel, Paris;La Comédie St-Michel - Grande Salle;95 Boulevard Saint Michel 75005 PARIS;billetreduc, fnac, ticketmaster;https://www.awin1.com/pclick.php?p=38380756718&a=3071471&m=20796 | https://www.awin1.com/pclick.php?p=45859821600&a=3071471&m=12494 | https://www.ticketmaster.fr/fr/manifestation/t-comme-pirates-billet/idmanif/593063/idseance/4395236;
19:45;Le Crime de Lord Arthur Savile - La Comédie Saint-Michel, Paris;La Comédie St-Michel - Grande Salle;95 Boulevard Saint Michel 75005 PARIS;billetreduc, fnac, ticketmaster;https://www.awin1.com/pclick.php?p=45365882594&a=3071471&m=20796 | https://www.awin1.com/pclick.php?p=45859810121&a=3071471&m=12494 | https://www.ticketmaster.fr/fr/manifestation/le-crime-de-lord-arthur-savile-billet/idmanif/669042/idseance/4390495;
15:00;Les Fables de La Fontaine - La Comédie St-Michel, Paris;La Comédie St-Michel - Petite Salle;95 Boulevard Saint Michel 75005 PARIS;billetreduc, fnac, ticketmaster;https://www.awin1.com/pclick.php?p=43917908392&a=3071471&m=20796 | https://www.awin1.com/pclick.php?p=45859829562&a=3071471&m=12494 | https://www.ticketmaster.fr/fr/manifestation/les-fables-de-la-fontaine-billet/idmanif/650722/idseance/4395464;
16:15;SuperPapou - Même Pas Cape ! - Comédie Saint-Michel, Paris;La Comédie St-Michel - Petite Salle;95 Boulevard Saint Michel 75005 PARIS;billetreduc, fnac, ticketmaster;https://www.awin1.com/pclick.php?p=42498301287&a=3071471&m=20796 | https://www.awin1.com/pclick.php?p=45859821686&a=3071471&m=12494 | https://www.ticketmaster.fr/fr/manifestation/superpapou-meme-pas-cape-billet/idmanif/636558/idseance/4395360;
17:30;La Sorcière Loufoque, Ventriloque - La Comédie Saint-Michel, Paris;La Comédie St-Michel - Petite Salle;95 Boulevard Saint Michel 75005 PARIS;billetreduc, fnac, ticketmaster;https://www.awin1.com/pclick.php?p=41969032333&a=3071471&m=20796 | https://www.awin1.com/pclick.php?p=45859821470&a=3071471&m=12494 | https://www.ticketmaster.fr/fr/manifestation/la-sorciere-loufoque-ventriloque-billet/idmanif/638715/idseance/4395004;
18:45;L'Heure des Thés - La Comédie St-Michel - Grande Salle, PAris;La Comédie St-Michel - Petite Salle;95 Boulevard Saint Michel 75005 PARIS;fnac;https://www.awin1.com/pclick.php?p=45391054603&a=3071471&m=12494;
20:00;Schopenhauer et Moi - La Comédie St-Michel - Petite Salle, Paris;La Comédie St-Michel - Petite Salle;95 Boulevard Saint Michel 75005 PARIS;billetreduc, fnac;https://www.awin1.com/pclick.php?p=45700742099&a=3071471&m=20796 | https://www.awin1.com/pclick.php?p=45859817860&a=3071471&m=12494;
14:45;Le Père Noël est une Ordure ! - La Divine Comédie, Paris;La Divine Comédie - Salle 1;2 rue Saulnier 75009 PARIS;billetreduc, fnac, ticketmaster;https://www.awin1.com/pclick.php?p=44915963121&a=3071471&m=20796 | https://www.awin1.com/pclick.php?p=44925646350&a=3071471&m=12494 | https://www.ticketmaster.fr/fr/manifestation/le-pere-noel-est-une-ordure-billet/idmanif/662021/idtier/18864121;
16:30;Les Bobos font du ski;La Divine Comédie - Salle 1;2 rue Saulnier 75009 Paris;billetreduc, fnac, ticketmaster;https://www.awin1.com/pclick.php?p=45434198564&a=3071471&m=20796 | https://www.awin1.com/pclick.php?p=45859818983&a=3071471&m=12494 | https://www.ticketmaster.fr/fr/manifestation/les-bobos-font-du-ski-billet/idmanif/669659/idseance/4392244;
18:00;Je t'aime à l'italienne / à l'algérienne;La Divine Comédie - Salle 1;2 rue Saulnier 75009 Paris;billetreduc, fnac, ticketmaster;https://www.awin1.com/pclick.php?p=45434198566&a=3071471&m=20796 | https://www.awin1.com/pclick.php?p=45859818937&a=3071471&m=12494 | https://www.ticketmaster.fr/fr/manifestation/je-t-aime-a-l-italienne-a-l-algerienne-billet/idmanif/669660/idseance/4392269;
19:30;Je suis la Femme;La Divine Comédie - Salle 1;2 rue Saulnier 75009 Paris;billetreduc, fnac, ticketmaster;https://www.awin1.com/pclick.php?p=45985657168&a=3071471&m=20796 | https://www.awin1.com/pclick.php?p=46014189607&a=3071471&m=12494 | https://www.ticketmaster.fr/fr/manifestation/je-suis-la-femme-billet/idmanif/672379/idseance/4414131;
21:15;Annabelle est Requin Blonde - La Divine Comédie, Paris;La Divine Comédie - Salle 1;2 rue Saulnier 75009 PARIS;billetreduc, fnac, ticketmaster;https://www.awin1.com/pclick.php?p=45841147873&a=3071471&m=20796 | https://www.awin1.com/pclick.php?p=45887831903&a=3071471&m=12494 | https://www.ticketmaster.fr/fr/manifestation/annabelle-billet/idmanif/671120/idseance/4402277;
18:00;Meryl Penelope - Seum - Divine Comédie, Paris;La Divine Comédie - Salle 2;2 rue Saulnier 75009 PARIS;billetreduc, fnac, ticketmaster;https://www.awin1.com/pclick.php?p=44987812229&a=3071471&m=20796 | https://www.awin1.com/pclick.php?p=45175086856&a=3071471&m=12494 | https://www.ticketmaster.fr/fr/manifestation/meryl-penelope-billet/idmanif/663336/idtier/18864121;
19:30;Julien Vinh - Couronne -  La Divine Comédie, Paris;La Divine Comédie - Salle 2;2 rue Saulnier 75009 PARIS;billetreduc, fnac, ticketmaster;https://www.awin1.com/pclick.php?p=44548499841&a=3071471&m=20796 | https://www.awin1.com/pclick.php?p=44569915968&a=3071471&m=12494 | https://www.ticketmaster.fr/fr/manifestation/couronne-billet/idmanif/657473/idtier/18864121;
21:15;Pascal Jaubert dans L'amour en questions;La Divine Comédie - Salle 2;2 rue Saulnier 75009 Paris;billetreduc, fnac, ticketmaster;https://www.awin1.com/pclick.php?p=45908811364&a=3071471&m=20796 | https://www.awin1.com/pclick.php?p=45961683586&a=3071471&m=12494 | https://www.ticketmaster.fr/fr/manifestation/pascal-jaubert-billet/idmanif/671701/idseance/4409600;
18:00;Sacrée Soirée - La Grande Comédie, Paris;La Grande Comédie;40 Rue de Clichy 75009 PARIS;billetreduc, fnac, ticketmaster;https://www.awin1.com/pclick.php?p=45517528957&a=3071471&m=20796 | https://www.awin1.com/pclick.php?p=45859814773&a=3071471&m=12494 | https://www.ticketmaster.fr/fr/manifestation/sacree-soiree-billet/idmanif/669843/idseance/4394108;
20:00;Sacrée Soirée - La Grande Comédie, Paris;La Grande Comédie;40 Rue de Clichy 75009 PARIS;billetreduc, fnac, ticketmaster;https://www.awin1.com/pclick.php?p=45517528957&a=3071471&m=20796 | https://www.awin1.com/pclick.php?p=45859814775&a=3071471&m=12494 | https://www.ticketmaster.fr/fr/manifestation/sacree-soiree-billet/idmanif/669843/idseance/4394109;
21:30;Restons Calmes - En Rodage, La Grande Comédie, Paris;La Grande Comédie;40 Rue de Clichy 75009 PARIS;billetreduc, fnac;https://www.awin1.com/pclick.php?p=45465944727&a=3071471&m=20796 | https://www.awin1.com/pclick.php?p=45859824560&a=3071471&m=12494;
16:00;Pourquoi Les Femmes Aiment Les Connards ? - La Grande Comédie, Paris;La Grande Comédie - Salle 2;40, rue de Clichy 75009 PARIS;billetreduc, fnac, ticketmaster;https://www.awin1.com/pclick.php?p=37289827785&a=3071471&m=20796 | https://www.awin1.com/pclick.php?p=45887831938&a=3071471&m=12494 | https://www.ticketmaster.fr/fr/manifestation/pourquoi-les-femmes-aiment-les-connards-billet/idmanif/568842/idseance/4405054;
18:00;Pourquoi Les Femmes Aiment Les Connards ? - La Grande Comédie, Paris;La Grande Comédie - Salle 2;40, rue de Clichy 75009 PARIS;billetreduc, fnac, ticketmaster;https://www.awin1.com/pclick.php?p=37289827785&a=3071471&m=20796 | https://www.awin1.com/pclick.php?p=45887831939&a=3071471&m=12494 | https://www.ticketmaster.fr/fr/manifestation/pourquoi-les-femmes-aiment-les-connards-billet/idmanif/568842/idseance/4405055;
20:00;Pourquoi Les Femmes Aiment Les Connards ? - La Grande Comédie, Paris;La Grande Comédie - Salle 2;40, rue de Clichy 75009 PARIS;billetreduc, fnac, ticketmaster;https://www.awin1.com/pclick.php?p=37289827785&a=3071471&m=20796 | https://www.awin1.com/pclick.php?p=45887831940&a=3071471&m=12494 | https://www.ticketmaster.fr/fr/manifestation/pourquoi-les-femmes-aiment-les-connards-billet/idmanif/568842/idseance/4405056;
21:30;Pourquoi Les Femmes Aiment Les Connards ? - La Grande Comédie, Paris;La Grande Comédie - Salle 2;40, rue de Clichy 75009 PARIS;billetreduc, fnac, ticketmaster;https://www.awin1.com/pclick.php?p=37289827785&a=3071471&m=20796 | https://www.awin1.com/pclick.php?p=45887831941&a=3071471&m=12494 | https://www.ticketmaster.fr/fr/manifestation/pourquoi-les-femmes-aiment-les-connards-billet/idmanif/568842/idseance/4405057;
19:30;La Java Belleville : Soirée de lancement Libre Cours;La Java;105 Rue du Faubourg du Temple 75010 Paris;paris_qfap;https://www.paris.fr/evenements/la-java-belleville-soiree-de-lancement-libre-cours-124582;
20:00;Ruel    ;La Machine du Moulin Rouge;90, Boulevard de Clichy 75018 PARIS;fnac;https://www.awin1.com/pclick.php?p=44568385736&a=3071471&m=12494;
20:00;RUEL;LA MACHINE DU MOULIN ROUGE;90 BD DE CLICHY Paris;ticketmaster;https://www.ticketmaster.fr/fr/manifestation/ruel-billet/idmanif/657323/idtier/18864121;
20:00;RUEL;LA MACHINE DU MOULIN ROUGE;90 BD DE CLICHY Paris;ticketmaster;https://www.ticketmaster.fr/fr/manifestation/ruel-billet/idmanif/657327/idtier/18864121;
20:00;RUEL;LA MACHINE DU MOULIN ROUGE;90 BD DE CLICHY Paris;ticketmaster;https://www.ticketmaster.fr/fr/manifestation/ruel-billet/idmanif/657330/idtier/18864121;
20:00;UPGRADE RUEL;LA MACHINE DU MOULIN ROUGE;90 BD DE CLICHY Paris;ticketmaster;https://www.ticketmaster.fr/fr/manifestation/upgrade-ruel-billet/idmanif/657484/idseance/4321706;
10:30;Pom Pom Pommes;La Manufacture des Abbesses;7 rue Véron 75018 Paris;billetreduc;https://www.awin1.com/pclick.php?p=45083665997&a=3071471&m=20796;
16:30;Petit dinosaure n'est pas d'accord;La Manufacture des Abbesses;7 rue Véron 75018 Paris;billetreduc;https://www.awin1.com/pclick.php?p=44181754003&a=3071471&m=20796;
19:00;Une vie deux fous;La Manufacture des Abbesses;7 rue Véron 75018 Paris;billetreduc;https://www.awin1.com/pclick.php?p=45887570067&a=3071471&m=20796;
21:00;Nos Belles Courgettes;La Manufacture des Abbesses;7 rue Véron 75018 Paris;billetreduc;https://www.awin1.com/pclick.php?p=45111105779&a=3071471&m=20796;
19:30;The Buttshakers  ;La Maroquinerie;23, Rue Boyer 75020 PARIS;fnac, ticketmaster;https://www.awin1.com/pclick.php?p=44244449048&a=3071471&m=12494 | https://www.ticketmaster.fr/fr/manifestation/the-buttshakers-billet/idmanif/653071/idtier/18864121;
18:00;Kévin Bagot - Navigue à Vue - La Nouvelle Seine, Paris;La Nouvelle Seine;Face au 3, Quai Montebello 75005 PARIS;billetreduc, fnac, ticketmaster;https://www.awin1.com/pclick.php?p=42419824865&a=3071471&m=20796 | https://www.awin1.com/pclick.php?p=45202674642&a=3071471&m=12494 | https://www.ticketmaster.fr/fr/manifestation/kevin-bagot-billet/idmanif/635511/idtier/18864121;
19:30;Alicia Ligi - Les Gens l'Adorent - La Nouvelle Seine, Paris;La Nouvelle Seine;Face au 3, Quai Montebello 75005 PARIS;billetreduc, fnac, ticketmaster;https://www.awin1.com/pclick.php?p=43622556011&a=3071471&m=20796 | https://www.awin1.com/pclick.php?p=45202673176&a=3071471&m=12494 | https://www.ticketmaster.fr/fr/manifestation/alicia-ligi-billet/idmanif/639639/idtier/18864121;
21:00;Tania Dutel - Brouillage - La Nouvelle Seine, Paris;La Nouvelle Seine;Face au 3, Quai Montebello 75005 PARIS;billetreduc, fnac, ticketmaster;https://www.awin1.com/pclick.php?p=44689044346&a=3071471&m=20796 | https://www.awin1.com/pclick.php?p=45015021551&a=3071471&m=12494 | https://www.ticketmaster.fr/fr/manifestation/tania-dutel-billet/idmanif/658862/idtier/18864121;
22:30;Le Cabaret Burlesque - La Nouvelle Seine, Paris;La Nouvelle Seine;Face au 3, Quai Montebello 75005 PARIS;billetreduc, fnac, ticketmaster;https://www.awin1.com/pclick.php?p=37210648677&a=3071471&m=20796 | https://www.awin1.com/pclick.php?p=45222654877&a=3071471&m=12494 | https://www.ticketmaster.fr/fr/manifestation/le-cabaret-burlesque-billet/idmanif/559132/idtier/18864121;
15:00;Au-delà des apparences;La Petite Croisée des Chemins;43 rue Mathurin Régnier 75015 Paris;billetreduc;https://www.awin1.com/pclick.php?p=45922969589&a=3071471&m=20796;
17:00;J'ai le droit d'être heureux;La Petite Croisée des Chemins;43 rue Mathurin Régnier 75015 Paris;billetreduc;https://www.awin1.com/pclick.php?p=45922969588&a=3071471&m=20796;
19:00;I.C.M : impro à choix multiples;La Petite Croisée des Chemins;43 rue Mathurin Régnier 75015 Paris;billetreduc;https://www.awin1.com/pclick.php?p=45916849498&a=3071471&m=20796;
21:00;Sois exotique;La Petite Croisée des Chemins;43 rue Mathurin Régnier 75015 Paris;billetreduc;https://www.awin1.com/pclick.php?p=45922969590&a=3071471&m=20796;
18:00;Elsa dans Stand-up;La Petite Loge Théâtre;2 rue la bruyère 75009 Paris;billetreduc;https://www.awin1.com/pclick.php?p=45135299456&a=3071471&m=20796;
19:30;Samy Bel dans Insomniaque;La Petite Loge Théâtre;2 rue la bruyère 75009 Paris;billetreduc;https://www.awin1.com/pclick.php?p=44071666433&a=3071471&m=20796;
;Beside Festival 2026;La Péniche Antipode;55 Quai de la Seine 75019 Paris;paris_qfap;https://www.paris.fr/evenements/beside-festival-2026-124072;
15:00;Les Gros Patinent Bien - La Pépinière Théâtre, Paris;La Pépinière Théâtre;7, rue Louis-le-Grand 75002 PARIS;billetreduc, fnac, ticketmaster;https://www.awin1.com/pclick.php?p=39962461287&a=3071471&m=20796 | https://www.awin1.com/pclick.php?p=44848307764&a=3071471&m=12494 | https://www.ticketmaster.fr/fr/manifestation/les-gros-patinent-bien-billet/idmanif/660372/idseance/4344117;
17:00;J'espère Que Nos Enfants Iront Mieux Que Nous - La Pépinière, Paris;La Pépinière Théâtre;7, rue Louis-le-Grand 75002 PARIS;billetreduc, fnac, ticketmaster;https://www.awin1.com/pclick.php?p=44973245870&a=3071471&m=20796 | https://www.awin1.com/pclick.php?p=45121231000&a=3071471&m=12494 | https://www.ticketmaster.fr/fr/manifestation/j-espere-que-nos-enfants-iront-mieux-billet/idmanif/663788/idseance/4371574;
17:17;Tout le bleu du ciel;La Pépinière Théâtre;7 rue Louis Le Grand 75002 Paris;billetreduc;https://www.awin1.com/pclick.php?p=44751529718&a=3071471&m=20796;
19:00;Tout Le Bleu Du Ciel - La Pépinière Théâtre, Paris;La Pépinière Théâtre;7, rue Louis-le-Grand 75002 PARIS;billetreduc, fnac, ticketmaster;https://www.awin1.com/pclick.php?p=44751529718&a=3071471&m=20796 | https://www.awin1.com/pclick.php?p=44903602309&a=3071471&m=12494 | https://www.ticketmaster.fr/fr/manifestation/tout-le-bleu-du-ciel-billet/idmanif/659827/idseance/4340489;
21:00;J'espère Que Nos Enfants Iront Mieux Que Nous - La Pépinière, Paris;La Pépinière Théâtre;7, rue Louis-le-Grand 75002 PARIS;billetreduc, fnac, ticketmaster;https://www.awin1.com/pclick.php?p=44973245870&a=3071471&m=20796 | https://www.awin1.com/pclick.php?p=45121231001&a=3071471&m=12494 | https://www.ticketmaster.fr/fr/manifestation/j-espere-que-nos-enfants-iront-mieux-billet/idmanif/663788/idseance/4371575;
18:00;Giordano;La Reine Blanche - La Grande Salle;2 bis passage Ruelle 75018 Paris;billetreduc;https://www.awin1.com/pclick.php?p=45859413101&a=3071471&m=20796;
20:00;Riveraines;La Reine Blanche - Salle Marie Curie;2 bis passage Ruelle 75018 Paris;billetreduc;https://www.awin1.com/pclick.php?p=45859413103&a=3071471&m=20796;
18:00;Prestige de la Musique du 19 & 20ème Siècle;La Sainte-Chapelle;10, Bd du Palais 75001 PARIS;fnac, ticketmaster;https://www.awin1.com/pclick.php?p=44882734312&a=3071471&m=12494 | https://www.ticketmaster.fr/fr/manifestation/prestige-de-la-musique-billet/idmanif/662761/idtier/18864121;
19:15;Le Garçon Nuage - La Scala, Paris;La Scala - La Piccola;13, Boulevard de Strasbourg 75010 PARIS;billetreduc, fnac;https://www.awin1.com/pclick.php?p=45863612069&a=3071471&m=20796 | https://www.awin1.com/pclick.php?p=46154379155&a=3071471&m=12494;
21:15;Alexis Tramoni - Le Meilleur et le Pire - La Scala, Paris;La Scala - La Piccola;13, Boulevard de Strasbourg 75010 PARIS;billetreduc, fnac, ticketmaster;https://www.awin1.com/pclick.php?p=44569248326&a=3071471&m=20796 | https://www.awin1.com/pclick.php?p=44773445973&a=3071471&m=12494 | https://www.ticketmaster.fr/fr/manifestation/alexis-tramoni-billet/idmanif/657866/idseance/4324352;
19:00;Un Petit Pas de Trop - Chorégraphie de Kader Attou - La Scala, Paris;LA SCALA PARIS;13 BOULEVARD DE STRASBOURG 75010 PARIS;billetreduc, fnac, ticketmaster;https://www.awin1.com/pclick.php?p=45391096209&a=3071471&m=20796 | https://www.awin1.com/pclick.php?p=45859818542&a=3071471&m=12494 | https://www.ticketmaster.fr/fr/manifestation/un-petit-pas-de-trop-billet/idmanif/667870/idtier/18864121;
21:00;Thomas Fersen - Comme on quitte un imperméable- La Scala, Paris;LA SCALA PARIS;13 BOULEVARD DE STRASBOURG 75010 PARIS;billetreduc, fnac, ticketmaster;https://www.awin1.com/pclick.php?p=44204935977&a=3071471&m=20796 | https://www.awin1.com/pclick.php?p=44208936091&a=3071471&m=12494 | https://www.ticketmaster.fr/fr/manifestation/thomas-fersen-billet/idmanif/652230/idseance/4292968;
14:30;ADOS;LA SCENE MONTPARNASSE;8BIS RUE DE L'ARRIVEE Paris;ticketmaster;https://www.ticketmaster.fr/fr/manifestation/ados-billet/idmanif/440605/idseance/4360839;
16:30;La Scène Barbès - Comedy Club;La Scène Barbès;11 rue d'Oran 75018 Paris;billetreduc;https://www.awin1.com/pclick.php?p=34125333833&a=3071471&m=20796;
18:00;La Scène Barbès - Comedy Club;La Scène Barbès;11 rue d'Oran 75018 Paris;billetreduc;https://www.awin1.com/pclick.php?p=34125333833&a=3071471&m=20796;
18:00;Comedy Night - La Scène Barbès, Paris;La Scène Barbès;11 rue d'Oran 75018 PARIS;fnac;https://www.awin1.com/pclick.php?p=46016639470&a=3071471&m=12494;
19:30;La Scène Barbès - Comedy Club;La Scène Barbès;11 rue d'Oran 75018 Paris;billetreduc;https://www.awin1.com/pclick.php?p=34125333833&a=3071471&m=20796;
19:30;Comedy Night - La Scène Barbès, Paris;La Scène Barbès;11 rue d'Oran 75018 PARIS;fnac;https://www.awin1.com/pclick.php?p=46016639478&a=3071471&m=12494;
20:45;La Scène Barbès - Comedy Club;La Scène Barbès;11 rue d'Oran 75018 Paris;billetreduc;https://www.awin1.com/pclick.php?p=34125333833&a=3071471&m=20796;
21:00;Comedy Night - La Scène Barbès, Paris;La Scène Barbès;11 rue d'Oran 75018 PARIS;fnac;https://www.awin1.com/pclick.php?p=46016639483&a=3071471&m=12494;
21:45;La Scène Barbès - Comedy Club;La Scène Barbès;11 rue d'Oran 75018 Paris;billetreduc;https://www.awin1.com/pclick.php?p=34125333833&a=3071471&m=20796;
22:15;Comedy Night - La Scène Barbès, Paris;La Scène Barbès;11 rue d'Oran 75018 PARIS;fnac;https://www.awin1.com/pclick.php?p=45859828266&a=3071471&m=12494 | https://www.awin1.com/pclick.php?p=46016639496&a=3071471&m=12494;
16:00;Raphaël Enthoven : A la Recherche de Marcel - La Scène Libre - Paris;La Scène Libre;4 boulevard de Strasbourg 75010 PARIS;billetreduc, fnac, ticketmaster;https://www.awin1.com/pclick.php?p=45077920048&a=3071471&m=20796 | https://www.awin1.com/pclick.php?p=45141754007&a=3071471&m=12494 | https://www.ticketmaster.fr/fr/manifestation/a-la-recherche-de-marcel-billet/idmanif/665084/idseance/4367315;
21:00;Les Amants Terribles - Cocteau & Maris - La Scène Libre - Paris;La Scène Libre;4 boulevard de Strasbourg 75010 PARIS;billetreduc, fnac, paris_qfap, ticketmaster;https://www.awin1.com/pclick.php?p=45131876507&a=3071471&m=20796 | https://www.awin1.com/pclick.php?p=45141753875&a=3071471&m=12494 | https://www.paris.fr/evenements/les-amants-terribles-a-la-scene-libre-125148 | https://www.ticketmaster.fr/fr/manifestation/les-amants-terribles-billet/idmanif/665884/idseance/4372330;
14:30;Les histoires de Toto;La Scène Montparnasse (Grand Point Virgule) - salle Cour;8 bis rue de l'Arrivée 75015 Paris;billetreduc, ticketmaster;https://www.awin1.com/pclick.php?p=45500164784&a=3071471&m=20796 | https://www.ticketmaster.fr/fr/manifestation/les-histoires-de-toto-billet/idmanif/669930/idseance/4394620;
11:00;Le Lac des Cygnes - La Scène Parisienne, Paris;La Scène Parisienne;34, rue Richer 75009 PARIS;billetreduc, fnac, ticketmaster;https://www.awin1.com/pclick.php?p=44584419165&a=3071471&m=20796 | https://www.awin1.com/pclick.php?p=44617503615&a=3071471&m=12494 | https://www.ticketmaster.fr/fr/manifestation/le-lac-des-cygnes-billet/idmanif/657795/idseance/4324043;
13:30;Le Loup est Revenu ! - La Scène Parisienne, Paris;La Scène Parisienne;34, rue Richer 75009 PARIS;billetreduc, fnac, ticketmaster;https://www.awin1.com/pclick.php?p=45072569667&a=3071471&m=20796 | https://www.awin1.com/pclick.php?p=45224946069&a=3071471&m=12494 | https://www.ticketmaster.fr/fr/manifestation/le-loup-est-revenu-billet/idmanif/664325/idtier/18864121;
15:00;Flemme - La Scène Parisienne, Paris;La Scène Parisienne;34, rue Richer 75009 PARIS;billetreduc, fnac, ticketmaster;https://www.awin1.com/pclick.php?p=41137718501&a=3071471&m=20796 | https://www.awin1.com/pclick.php?p=45377144998&a=3071471&m=12494 | https://www.ticketmaster.fr/fr/manifestation/flemme-billet/idmanif/621671/idtier/18864121;
15:00;Ah, si Tu Savais, Harap Alb - La Scène Parisienne - Paris;La Scène Parisienne;34, rue Richer 75009 PARIS;billetreduc, fnac, ticketmaster;https://www.awin1.com/pclick.php?p=44912016839&a=3071471&m=20796 | https://www.awin1.com/pclick.php?p=45126456151&a=3071471&m=12494 | https://www.ticketmaster.fr/fr/manifestation/ah-si-tu-savais-harap-alb-billet/idmanif/661928/idtier/18864121;
16:30;Les Mémoires de Paul Palandin - La Scène Parisienne - Paris;La Scène Parisienne;34, rue Richer 75009 PARIS;billetreduc, fnac, ticketmaster;https://www.awin1.com/pclick.php?p=45222151244&a=3071471&m=20796 | https://www.awin1.com/pclick.php?p=45344831053&a=3071471&m=12494 | https://www.ticketmaster.fr/fr/manifestation/les-memoires-de-paul-palandin-billet/idmanif/666548/idseance/4377512;
18:00;Monsieur Konass - La Scène Parisienne;La Scène Parisienne;34, rue Richer 75009 PARIS;billetreduc, fnac, ticketmaster;https://www.awin1.com/pclick.php?p=45577012907&a=3071471&m=20796 | https://www.awin1.com/pclick.php?p=45859829038&a=3071471&m=12494 | https://www.ticketmaster.fr/fr/manifestation/monsieur-konass-billet/idmanif/670144/idseance/4398265;
19:30;Les Mémoires de Paul Palandin - La Scène Parisienne - Paris;La Scène Parisienne;34, rue Richer 75009 PARIS;billetreduc, fnac, ticketmaster;https://www.awin1.com/pclick.php?p=45222151244&a=3071471&m=20796 | https://www.awin1.com/pclick.php?p=45344831054&a=3071471&m=12494 | https://www.ticketmaster.fr/fr/manifestation/les-memoires-de-paul-palandin-billet/idmanif/666548/idseance/4377513;
19:30;Elies Zoghlami - Altremie - La Scène Parisienne - Paris;La Scène Parisienne;34, rue Richer 75009 PARIS;billetreduc, fnac, ticketmaster;https://www.awin1.com/pclick.php?p=44812762514&a=3071471&m=20796 | https://www.awin1.com/pclick.php?p=45078939002&a=3071471&m=12494 | https://www.ticketmaster.fr/fr/manifestation/elies-zoghlami-billet/idmanif/660576/idseance/4343445;
21:15;Donel Jack'sman - Nouveau Spectacle - La Scène Parisienne, Paris;La Scène Parisienne;34, rue Richer 75009 PARIS;billetreduc, fnac, ticketmaster;https://www.awin1.com/pclick.php?p=43577988541&a=3071471&m=20796 | https://www.awin1.com/pclick.php?p=45173694020&a=3071471&m=12494 | https://www.ticketmaster.fr/fr/manifestation/donel-jack-sman-billet/idmanif/646256/idtier/18864121;
21:15;Naho dans Le jour où j'ai dit à ma mère que je n'étais pas lesbienne;La Scène Parisienne - Salle 2;34 rue Richer 75009 Paris;billetreduc, fnac, ticketmaster;https://www.awin1.com/pclick.php?p=45230863594&a=3071471&m=20796 | https://www.awin1.com/pclick.php?p=45313091183&a=3071471&m=12494 | https://www.ticketmaster.fr/fr/manifestation/le-jour-ou-j-ai-dit-a-ma-mere-billet/idmanif/666886/idtier/18864121;
;Les concerts Doudou & Magie par l'Orchestre Colonne;La Seine Musicale;Île Seguin 92100 Boulogne-Billancourt;paris_qfap;https://www.paris.fr/evenements/les-concerts-doudou-magie-par-l-orchestre-colonne-123907;
12:00;Schéhérazade;La Seine Musicale - Pianos Hanlet;1 Île Seguin 92100 Boulogne-Billancourt;paris_qfap;https://www.paris.fr/evenements/scheherazade-115693;
19:45;La Taverne du Rire;La Taverne de l'Olympia;25 rue de Caumartin 75009 Paris;billetreduc;https://www.awin1.com/pclick.php?p=46148141088&a=3071471&m=20796;
15:30;Samedi, ça me dit de conter - Stéphane FERRANDEZ;La Vagabonde;122 rue de Bagnolet 75020 Paris;paris_qfap;https://www.paris.fr/evenements/samedi-ca-me-dit-de-conter-stephane-ferrandez-124673;
20:30;Samedi, ça me dit de conter - Stéphane FERRANDEZ;La Vagabonde;122 rue de Bagnolet 75020 Paris;paris_qfap;https://www.paris.fr/evenements/samedi-ca-me-dit-de-conter-stephane-ferrandez-124673;
11:00;Le procès de l'orthographe : les mots se défendent;Laurette Théâtre;36 rue Bichat 75010 Paris;billetreduc, fnac, ticketmaster;https://www.awin1.com/pclick.php?p=45336159895&a=3071471&m=20796 | https://www.awin1.com/pclick.php?p=46154378935&a=3071471&m=12494 | https://www.ticketmaster.fr/fr/manifestation/les-mots-se-defendent-billet/idmanif/673611/idseance/4428436;
15:00;Sur les traces d'Arsène Lupin : entre magie et mentalisme;Laurette Théâtre;36 rue Bichat 75010 Paris;billetreduc;https://www.awin1.com/pclick.php?p=45336159894&a=3071471&m=20796;
15:00;Sur Les Traces D'Arsène Lupin - Laurette Théâtre, Paris;Laurette Théâtre;36 rue Bichat 75010 PARIS;fnac;https://www.awin1.com/pclick.php?p=45373197921&a=3071471&m=12494;
17:00;Dom Juan de Molière - Laurette Théâtre, Paris;Laurette Théâtre;36 rue Bichat 75010 PARIS;billetreduc, fnac;https://www.awin1.com/pclick.php?p=45336159896&a=3071471&m=20796 | https://www.awin1.com/pclick.php?p=45859809843&a=3071471&m=12494;
19:00;Hamlet - Laurette Théâtre, Paris;Laurette Théâtre;36 rue Bichat 75010 PARIS;billetreduc, fnac;https://www.awin1.com/pclick.php?p=45336159892&a=3071471&m=20796 | https://www.awin1.com/pclick.php?p=45373198221&a=3071471&m=12494;
21:00;Les Fleurs du Mal, Laurette Théâtre - Paris;Laurette Théâtre;36 rue Bichat 75010 PARIS;billetreduc, fnac;https://www.awin1.com/pclick.php?p=45336159909&a=3071471&m=20796 | https://www.awin1.com/pclick.php?p=45373198213&a=3071471&m=12494;
21:00;L'amour et la violence;Lavoir Moderne Parisien;35 rue Léon 75018 Paris;paris_qfap;https://www.paris.fr/evenements/l-amour-et-la-violence-101751;
17:00;Let's Go - Fauve Hautot & Romain Guillermic - Le 13e Art, Paris;Le 13ème Art;Place d'Italie - CC Italie 2 75013 PARIS;billetreduc, fnac, paris_qfap, ticketmaster;https://www.awin1.com/pclick.php?p=43445526561&a=3071471&m=20796 | https://www.awin1.com/pclick.php?p=43473989793&a=3071471&m=12494 | https://www.paris.fr/evenements/let-s-go-116269 | https://www.ticketmaster.fr/fr/manifestation/let-s-go-billet/idmanif/644854/idseance/4233691;
21:00;Let's Go - Fauve Hautot & Romain Guillermic - Le 13e Art, Paris;Le 13ème Art;Place d'Italie - CC Italie 2 75013 PARIS;billetreduc, fnac, paris_qfap, ticketmaster;https://www.awin1.com/pclick.php?p=43445526561&a=3071471&m=20796 | https://www.awin1.com/pclick.php?p=43473989794&a=3071471&m=12494 | https://www.paris.fr/evenements/let-s-go-116269 | https://www.ticketmaster.fr/fr/manifestation/let-s-go-billet/idmanif/644854/idseance/4233692;
18:30;Lynnsha;Le 360 - Paris Music Factory;32 Rue Myrha 75018 PARIS;fnac;https://www.awin1.com/pclick.php?p=44269544189&a=3071471&m=12494;
23:00;#JamVocale / OpenMic de Valentin;Le Baiser Salé;58 Rue des Lombards 75001 Paris;paris_qfap;https://www.paris.fr/evenements/jamvocale-openmic-de-valentin-117840;
20:00;La Swaré House An NOU;Le Bal Chavaux;1 Avenue de la Résistance 93100 Montreuil;paris_qfap;https://www.paris.fr/evenements/la-sware-house-an-nou-123979;
21:15;Babel - Le Bon Marché, Paris;Le Bon Marché;24, Rue de Sèvres 75007 PARIS;billetreduc, fnac;https://www.awin1.com/pclick.php?p=43368632097&a=3071471&m=20796 | https://www.awin1.com/pclick.php?p=43381830260&a=3071471&m=12494;
11:00;Betty Œil-de-Lynx et le mystère de la rivière verte;Le Bourvil;13 rue des Boulets 75011 Paris;billetreduc;https://www.awin1.com/pclick.php?p=45922969582&a=3071471&m=20796;
18:15;Le Plateau Comedy Club - Le Caveau des Oubliettes, Paris;LE CAVEAU DES OUBLIETTES;52 rue Galande 75005 PARIS;billetreduc, fnac;https://www.awin1.com/pclick.php?p=45224283947&a=3071471&m=20796 | https://www.awin1.com/pclick.php?p=46119154890&a=3071471&m=12494;
18:00;la Trilogie de la révolution de Santiago Sanguinetti;Le Colombier;20 rue Marie-Anne Colombier 93170 Bagnolet;billetreduc;https://www.awin1.com/pclick.php?p=45077920267&a=3071471&m=20796;
19:30;Argument contre l'existence d'une vie intelligente;Le Colombier;20 rue Marie-Anne Colombier 93170 Bagnolet;billetreduc;https://www.awin1.com/pclick.php?p=45077920266&a=3071471&m=20796;
18:00;Jamel Comedy Club : La Troupe;Le Comedy Club;42 Boulevard Bonne Nouvelle 75010 Paris;billetreduc;https://www.awin1.com/pclick.php?p=30904743633&a=3071471&m=20796;
20:00;Jamel Comedy Club : La Troupe;Le Comedy Club;42 Boulevard Bonne Nouvelle 75010 Paris;billetreduc;https://www.awin1.com/pclick.php?p=30904743633&a=3071471&m=20796;
22:00;Jamel Comedy Club : La Troupe;Le Comedy Club;42 Boulevard Bonne Nouvelle 75010 Paris;billetreduc;https://www.awin1.com/pclick.php?p=30904743633&a=3071471&m=20796;
16:30;La Promesse de l'Aube - Le Contrescarpe, Paris;Le Contrescarpe;5 rue de Blainville 75005 PARIS;billetreduc, fnac, ticketmaster;https://www.awin1.com/pclick.php?p=44977447005&a=3071471&m=20796 | https://www.awin1.com/pclick.php?p=45188125663&a=3071471&m=12494 | https://www.ticketmaster.fr/fr/manifestation/la-promesse-de-l-aube-billet/idmanif/663817/idseance/4361709;
19:00;Terre des Hommes - Le Contrescarpe, Paris;Le Contrescarpe;5 rue de Blainville 75005 PARIS;billetreduc, fnac, ticketmaster;https://www.awin1.com/pclick.php?p=45128839104&a=3071471&m=20796 | https://www.awin1.com/pclick.php?p=45373654213&a=3071471&m=12494 | https://www.ticketmaster.fr/fr/manifestation/terre-des-hommes-billet/idmanif/665877/idseance/4372285;
21:00;La Promesse de l'Aube - Le Contrescarpe, Paris;Le Contrescarpe;5 rue de Blainville 75005 PARIS;billetreduc, fnac, ticketmaster;https://www.awin1.com/pclick.php?p=44977447005&a=3071471&m=20796 | https://www.awin1.com/pclick.php?p=45188125664&a=3071471&m=12494 | https://www.ticketmaster.fr/fr/manifestation/la-promesse-de-l-aube-billet/idmanif/663817/idseance/4361710;
16:30;Le Voyage Imaginaire - Le Double Fond, Paris;Le Double Fond;1 Place du Marché Sainte Catherine 75004 PARIS;billetreduc, fnac;https://www.awin1.com/pclick.php?p=36120337927&a=3071471&m=20796 | https://www.awin1.com/pclick.php?p=45859819228&a=3071471&m=12494;
21:00;Ni vrai ni faux bien au contraire avec Philippe de Perthuis;Le Double Fond;1 Place du Marché Sainte-Catherine 75004 Paris;billetreduc, fnac, ticketmaster;https://www.awin1.com/pclick.php?p=33624325897&a=3071471&m=20796 | https://www.awin1.com/pclick.php?p=45859829006&a=3071471&m=12494 | https://www.ticketmaster.fr/fr/manifestation/ni-vrai-ni-faux-bien-au-contraire-billet/idmanif/594034/idseance/4390585;
16:00;La Scène Ouverte du Fridge;Le Fridge Comedy;164 rue Saint-Denis 75002 Paris;billetreduc;https://www.awin1.com/pclick.php?p=42033124281&a=3071471&m=20796;
16:00;Fridge Comedy Night;Le Fridge Comedy;164 rue Saint-Denis 75002 Paris;billetreduc;https://www.awin1.com/pclick.php?p=30021921595&a=3071471&m=20796;
17:30;Fridge Comedy Night;Le Fridge Comedy;164 rue Saint-Denis 75002 Paris;billetreduc;https://www.awin1.com/pclick.php?p=30021921595&a=3071471&m=20796;
18:45;Fridge Comedy Night;Le Fridge Comedy;164 rue Saint-Denis 75002 Paris;billetreduc;https://www.awin1.com/pclick.php?p=30021921595&a=3071471&m=20796;
20:00;Fridge Comedy Night;Le Fridge Comedy;164 rue Saint-Denis 75002 Paris;billetreduc;https://www.awin1.com/pclick.php?p=30021921595&a=3071471&m=20796;
21:30;Fridge Comedy Night;Le Fridge Comedy;164 rue Saint-Denis 75002 Paris;billetreduc;https://www.awin1.com/pclick.php?p=30021921595&a=3071471&m=20796;
22:45;Fridge Comedy Night;Le Fridge Comedy;164 rue Saint-Denis 75002 Paris;billetreduc;https://www.awin1.com/pclick.php?p=30021921595&a=3071471&m=20796;
23:59;Fridge Comedy Night;Le Fridge Comedy;164 rue Saint-Denis 75002 Paris;billetreduc;https://www.awin1.com/pclick.php?p=30021921595&a=3071471&m=20796;
;Démodé, la comédie qui fait vivre les mots !;Le Funambule Montmartre;53 rue des Saules 75018 Paris;paris_qfap;https://www.paris.fr/evenements/demode-la-comedie-qui-fait-vivre-les-mots-116789;
;La première pièce inédite et vraiment personnelle de Jean-Luc Lagarce au Funambule Montmartre;Le Funambule Montmartre;53 rue des Saules 75018 Paris;paris_qfap;https://www.paris.fr/evenements/la-premiere-piece-inedite-et-vraiment-personnelle-de-jean-luc-lagarce-au-funambule-montmartre-116781;
;Embarquez pour un voyage au cœur des livres et de la vie de Françoise Sagan au Funambule Montmartre.;Le Funambule Montmartre;53 rue des Saules 75018 Paris;paris_qfap;https://www.paris.fr/evenements/embarquez-pour-un-voyage-au-coeur-des-livres-et-de-la-vie-de-francoise-sagan-au-funambule-montmartre-116792;
17:00;Mémoire(s) de l'Olympia;Le Funambule Montmartre;53 rue des saules 75018 Paris;billetreduc, ticketmaster;https://www.awin1.com/pclick.php?p=44635898810&a=3071471&m=20796 | https://www.ticketmaster.fr/fr/manifestation/memoire-s-de-l-olympia-billet/idmanif/658735/idseance/4335346;
11:00;Les Musiciens de Brême - Le Funambule-Montmartre, Paris;Le Funambule-Montmartre;53 Rue des Saules 75018 PARIS;billetreduc, fnac, paris_qfap, ticketmaster;https://www.awin1.com/pclick.php?p=45128839101&a=3071471&m=20796 | https://www.awin1.com/pclick.php?p=45170117446&a=3071471&m=12494 | https://www.paris.fr/evenements/venez-decouvrir-les-musiciens-de-breme-quatre-droles-d-animaux-bien-decide-a-former-un-groupe-de-rock-124613 | https://www.ticketmaster.fr/fr/manifestation/les-musiciens-de-breme-billet/idmanif/665489/idseance/4371100;
15:00;Trop Petite - Le Funambule-Montmartre, Paris;Le Funambule-Montmartre;53 Rue des Saules 75018 PARIS;billetreduc, fnac, paris_qfap, ticketmaster;https://www.awin1.com/pclick.php?p=45128839099&a=3071471&m=20796 | https://www.awin1.com/pclick.php?p=45165567048&a=3071471&m=12494 | https://www.paris.fr/evenements/decouvrez-trop-petite-une-epopee-musicale-a-partir-de-5-ans-au-funambule-montmartre-124604 | https://www.ticketmaster.fr/fr/manifestation/trop-petite-billet/idmanif/665501/idseance/4371145;
17:00;Mémoires de l'Olympia - Le Funambule-Montmartre, Paris;Le Funambule-Montmartre;53 Rue des Saules 75018 PARIS;fnac;https://www.awin1.com/pclick.php?p=44643633705&a=3071471&m=12494;
19:00;Elles Disent… L’Odyssée - Le Funambule-Montmartre - Paris;Le Funambule-Montmartre;53 Rue des Saules 75018 PARIS;billetreduc, fnac, ticketmaster;https://www.awin1.com/pclick.php?p=45255747765&a=3071471&m=20796 | https://www.awin1.com/pclick.php?p=45279360886&a=3071471&m=12494 | https://www.ticketmaster.fr/fr/manifestation/elle-disentl-odyssee-billet/idmanif/667998/idtier/18864121;
21:00;La Fin de la Civilisation - Le Funambule-Montmartre, Paris;Le Funambule-Montmartre;53 Rue des Saules 75018 PARIS;billetreduc, fnac, paris_qfap, ticketmaster;https://www.awin1.com/pclick.php?p=45307895402&a=3071471&m=20796 | https://www.awin1.com/pclick.php?p=45355853433&a=3071471&m=12494 | https://www.paris.fr/evenements/une-ia-quatre-patients-zero-issue-venez-decouvrir-la-fin-de-la-civilisation-au-funambule-montmartre-116787 | https://www.ticketmaster.fr/fr/manifestation/la-fin-de-la-civilisation-billet/idmanif/668027/idtier/18864121;
10:40;Le Grand Hôtel des Rêves présente : Jules Verne, Le Voyage Extraordinaire;Le Grand Hôtel des Rêves;47 rue du Cardinal Lemoine 75005 Paris;billetreduc;https://www.awin1.com/pclick.php?p=41884089022&a=3071471&m=20796;
13:20;Le Grand Hôtel des Rêves présente : Jules Verne, Le Voyage Extraordinaire - Paris;Le Grand Hôtel des Rêves;47 rue du Cardinal Lemoine 75005 PARIS;billetreduc, fnac;https://www.awin1.com/pclick.php?p=41884089022&a=3071471&m=20796 | https://www.awin1.com/pclick.php?p=45121230862&a=3071471&m=12494 | https://www.awin1.com/pclick.php?p=45121230863&a=3071471&m=12494 | https://www.awin1.com/pclick.php?p=45121230864&a=3071471&m=12494 | https://www.awin1.com/pclick.php?p=45121230865&a=3071471&m=12494;
;ADOS;Le Grand Point-Virgule;8bis Rue de l'Arrivée 75015 Paris;paris_qfap;https://www.paris.fr/evenements/ados-117028;
17:30;Un Soir Sans Fin ! - La Scène Montparnasse, Paris;Le Grand Point-Virgule - Apostrophe;8 bis, rue de l'Arrivée 75015 PARIS;billetreduc, fnac, ticketmaster;https://www.awin1.com/pclick.php?p=45836597285&a=3071471&m=20796 | https://www.awin1.com/pclick.php?p=45859828446&a=3071471&m=12494 | https://www.ticketmaster.fr/fr/manifestation/un-soir-sans-fin-billet/idmanif/670006/idseance/4395112;
19:15;Sherlock Holmes, le Chien des Baskerville - La Scène Montparnasse, Paris;Le Grand Point-Virgule - Apostrophe;8 bis, rue de l'Arrivée 75015 PARIS;fnac, ticketmaster;https://www.awin1.com/pclick.php?p=45859815911&a=3071471&m=12494 | https://www.ticketmaster.fr/fr/manifestation/sherlock-holmes-billet/idmanif/669892/idseance/4394421;
21:15;Un Soir Sans Fin ! - La Scène Montparnasse, Paris;Le Grand Point-Virgule - Apostrophe;8 bis, rue de l'Arrivée 75015 PARIS;billetreduc, fnac, ticketmaster;https://www.awin1.com/pclick.php?p=45836597285&a=3071471&m=20796 | https://www.awin1.com/pclick.php?p=45859828447&a=3071471&m=12494 | https://www.ticketmaster.fr/fr/manifestation/un-soir-sans-fin-billet/idmanif/670006/idseance/4395113;
14:30;Ados - La Scène Montparnasse, Paris;Le Grand Point-Virgule - Majuscule;8 bis, rue de l'Arrivée 75015 PARIS;fnac;https://www.awin1.com/pclick.php?p=45051143717&a=3071471&m=12494;
21:00;Le Dernier Cèdre du Liban - La Scène Montparnasse, Paris;Le Grand Point-Virgule - Majuscule;8 bis, rue de l'Arrivée 75015 PARIS;billetreduc, fnac, ticketmaster;https://www.awin1.com/pclick.php?p=45321776262&a=3071471&m=20796 | https://www.awin1.com/pclick.php?p=45859828121&a=3071471&m=12494 | https://www.ticketmaster.fr/fr/manifestation/le-dernier-cedre-du-liban-billet/idmanif/668878/idseance/4389804;
19:00;Le Grenier du Rire Dîner-spectacle;Le Grenier du rire;3 rue Rennequin 75017 Paris;billetreduc;https://www.awin1.com/pclick.php?p=30021922025&a=3071471&m=20796;
;Festival [ frasq ] rencontre de la performance #18;Le Générateur;16 rue Charles Frérot 94250 Gentilly;paris_qfap;https://www.paris.fr/evenements/festival-frasq-rencontre-de-la-performance-18-118082;
19:30;TNT : Nouveau spectacle expérimental !;Le Kibélé;12 Rue de l'Echiquier 75010 Paris;billetreduc;https://www.awin1.com/pclick.php?p=46039589741&a=3071471&m=20796;
17:30;Audrey David dans Quarante;Le Lieu;41, Rue de Trévise 75009 Paris;billetreduc;https://www.awin1.com/pclick.php?p=43417171792&a=3071471&m=20796;
17:30;Audrey David - Quarante - Le Lieu, Paris;Le Lieu;41, rue de Trévise 75009 PARIS;fnac;https://www.awin1.com/pclick.php?p=45859829232&a=3071471&m=12494;
19:00;Bastien Morisson dans Simple;Le Lieu;41, Rue de Trévise 75009 Paris;billetreduc;https://www.awin1.com/pclick.php?p=45641539580&a=3071471&m=20796;
19:00;Bastien Morisson - Simple - Le Lieu, Paris;Le Lieu;41, rue de Trévise 75009 PARIS;fnac;https://www.awin1.com/pclick.php?p=45859829878&a=3071471&m=12494;
20:15;Yacine Salhi dans Inconfortable;Le Lieu;41, Rue de Trévise 75009 Paris;billetreduc;https://www.awin1.com/pclick.php?p=41956169366&a=3071471&m=20796;
20:15;Yacine Salhi - Inconfortable - Le Lieu, Paris;Le Lieu;41, rue de Trévise 75009 PARIS;fnac;https://www.awin1.com/pclick.php?p=45859829317&a=3071471&m=12494;
21:30;Clemy Deluxe - En Rodage - Le Lieu, Paris;Le Lieu;41, rue de Trévise 75009 PARIS;billetreduc, fnac;https://www.awin1.com/pclick.php?p=45345763995&a=3071471&m=20796 | https://www.awin1.com/pclick.php?p=45859829359&a=3071471&m=12494;
19:00;Scratch - Le Local des Autrices - Paris;Le Local des Autrices;18 rue de l'Orillon 75011 PARIS;billetreduc, fnac;https://www.awin1.com/pclick.php?p=45111231660&a=3071471&m=12494 | https://www.awin1.com/pclick.php?p=45131876513&a=3071471&m=20796;
21:00;Qu'elle se fasse oublier - Le Local des Autrices - Paris;Le Local des Autrices;18 rue de l'Orillon 75011 PARIS;billetreduc, fnac;https://www.awin1.com/pclick.php?p=45129473030&a=3071471&m=12494 | https://www.awin1.com/pclick.php?p=45131876504&a=3071471&m=20796;
14:00;Jeu de piste en autonomie : Le trésor du Marais;Le Marais ;Pl. des Vosges, 75004 Paris 75004 Paris ;billetreduc;https://www.awin1.com/pclick.php?p=33492786833&a=3071471&m=20796;
11:00;Le placard aux émotions;Le Montorgueil - Scène des Halles;50 rue d'Aboukir 75002 Paris;billetreduc;https://www.awin1.com/pclick.php?p=44272949388&a=3071471&m=20796;
14:00;Une Drôle de Sorcière - Le Montorgueil, Paris;Le Montorgueil - Scène des Halles;50 rue d'Aboukir 75002 PARIS;billetreduc, fnac;https://www.awin1.com/pclick.php?p=45755450543&a=3071471&m=20796 | https://www.awin1.com/pclick.php?p=45859820644&a=3071471&m=12494;
14:00;Le placard aux émotions;Le Montorgueil - Scène des Halles;50 rue d'Aboukir 75002 Paris;billetreduc, ticketmaster;https://www.awin1.com/pclick.php?p=44272949388&a=3071471&m=20796 | https://www.ticketmaster.fr/fr/manifestation/le-placard-aux-emotions-billet/idmanif/654064/idtier/18864121;
15:30;1 heure pour comprendre son ado;Le Montorgueil - Scène des Halles;50 rue d'Aboukir 75002 Paris;billetreduc, ticketmaster;https://www.awin1.com/pclick.php?p=38860815378&a=3071471&m=20796 | https://www.ticketmaster.fr/fr/manifestation/1-heure-pour-comprendre-son-ado-billet/idmanif/599300/idseance/4382599;
15:30;1H  pour Comprendre son Ado - Le Montorgueil - Scène des Halles, Paris;Le Montorgueil - Scène des Halles;50 rue d'Aboukir 75002 PARIS;fnac;https://www.awin1.com/pclick.php?p=45303017266&a=3071471&m=12494;
17:15;Laurent Barat S'Enchaine - Le Montorgueil - Scène des Halles, Paris;Le Montorgueil - Scène des Halles;50 rue d'Aboukir 75002 PARIS;billetreduc, fnac, ticketmaster;https://www.awin1.com/pclick.php?p=41587854717&a=3071471&m=20796 | https://www.awin1.com/pclick.php?p=45364487295&a=3071471&m=12494 | https://www.ticketmaster.fr/fr/manifestation/laurent-barat-s-enchaine-billet/idmanif/627113/idtier/18864121;
19:15;Thaïs - Fille de Joie - Le Montorgueil - Scène des Halles, Paris;Le Montorgueil - Scène des Halles;50 rue d'Aboukir 75002 PARIS;billetreduc, fnac, ticketmaster;https://www.awin1.com/pclick.php?p=44794393983&a=3071471&m=20796 | https://www.awin1.com/pclick.php?p=44805223019&a=3071471&m=12494 | https://www.ticketmaster.fr/fr/manifestation/thais-billet/idmanif/660349/idtier/18864121;
21:15;Ding Ding - Paul Capeille - Le Montorgueil - Scène des Halles - Paris;Le Montorgueil - Scène des Halles;50 rue d'Aboukir 75002 PARIS;billetreduc, fnac, ticketmaster;https://www.awin1.com/pclick.php?p=45175287665&a=3071471&m=20796 | https://www.awin1.com/pclick.php?p=45295402083&a=3071471&m=12494 | https://www.ticketmaster.fr/fr/manifestation/ding-ding-billet/idmanif/665986/idtier/18864121;
17:30;Pop Fiction - Le Métropole, Paris;Le Métropole;39, rue du Sentier 75002 PARIS;billetreduc, fnac, ticketmaster;https://www.awin1.com/pclick.php?p=45255747766&a=3071471&m=20796 | https://www.awin1.com/pclick.php?p=45295402234&a=3071471&m=12494 | https://www.ticketmaster.fr/fr/manifestation/pop-fiction-billet/idmanif/667808/idseance/4385073;
19:00;Laurent Febvay - L'Odeur du Basilic - Métropole, Paris;Le Métropole;39, rue du Sentier 75002 PARIS;billetreduc, fnac, ticketmaster;https://www.awin1.com/pclick.php?p=45247635134&a=3071471&m=20796 | https://www.awin1.com/pclick.php?p=45313091194&a=3071471&m=12494 | https://www.ticketmaster.fr/fr/manifestation/laurent-febvay-billet/idmanif/667796/idseance/4385044;
20:10;Marc Rougé - Revient Sur Site - Le Métropole, Paris;Le Métropole;39, rue du Sentier 75002 PARIS;billetreduc, fnac, ticketmaster;https://www.awin1.com/pclick.php?p=44674857985&a=3071471&m=20796 | https://www.awin1.com/pclick.php?p=44692461437&a=3071471&m=12494 | https://www.ticketmaster.fr/fr/manifestation/marc-rouge-billet/idmanif/658770/idseance/4335415;
21:30;Nadim - Fraîcheur de Vivre - Le Metropole, Paris;Le Métropole;39, rue du Sentier 75002 PARIS;billetreduc, fnac, ticketmaster;https://www.awin1.com/pclick.php?p=44080254465&a=3071471&m=20796 | https://www.awin1.com/pclick.php?p=44126101805&a=3071471&m=12494 | https://www.ticketmaster.fr/fr/manifestation/nadim-billet/idmanif/652067/idtier/18864121;
19:00;Washington Dead Cats + Hydrotones;Le Nouveau Casino;109, rue Oberkampf 75011 PARIS;fnac;https://www.awin1.com/pclick.php?p=45090809236&a=3071471&m=12494;
19:45;Philippe Mathis dans Si je peux me permettre;Le Paris de l'Humour;8 rue Pradier 75019 Paris;billetreduc;https://www.awin1.com/pclick.php?p=43674173337&a=3071471&m=20796;
18:00;Les Femmes ont Toujours Raison - Le Passage vers les Etoiles, Paris;Le Passage vers les Etoiles;17 cité Joly 75011 PARIS;billetreduc, fnac, ticketmaster;https://www.awin1.com/pclick.php?p=30021922749&a=3071471&m=20796 | https://www.awin1.com/pclick.php?p=46029363529&a=3071471&m=12494 | https://www.ticketmaster.fr/fr/manifestation/les-femmes-ont-toujours-raison-billet/idmanif/611501/idtier/18864121;
18:00;Voyage Voyage - Le Passage vers les Etoiles, Paris;Le Passage vers les Etoiles;17 cité Joly 75011 PARIS;billetreduc, fnac;https://www.awin1.com/pclick.php?p=45021859227&a=3071471&m=20796 | https://www.awin1.com/pclick.php?p=46029365164&a=3071471&m=12494;
20:00;Les Femmes ont Toujours Raison - Le Passage vers les Etoiles, Paris;Le Passage vers les Etoiles;17 cité Joly 75011 PARIS;billetreduc, fnac, ticketmaster;https://www.awin1.com/pclick.php?p=30021922749&a=3071471&m=20796 | https://www.awin1.com/pclick.php?p=46029363524&a=3071471&m=12494 | https://www.ticketmaster.fr/fr/manifestation/les-femmes-ont-toujours-raison-billet/idmanif/611501/idtier/18864121;
21:30;Ce Soir les Femmes se Lâchent - Le Passage vers les Etoiles, Paris;Le Passage vers les Etoiles;17 cité Joly 75011 PARIS;billetreduc, fnac;https://www.awin1.com/pclick.php?p=45164264732&a=3071471&m=20796 | https://www.awin1.com/pclick.php?p=45164264733&a=3071471&m=20796 | https://www.awin1.com/pclick.php?p=46027263943&a=3071471&m=12494;
16:00;Wesh, Mes Chers Parents - Le Petit République, Paris;Le Petit République;1 boulevard Saint-Martin 75003 PARIS;billetreduc, fnac, ticketmaster;https://www.awin1.com/pclick.php?p=45343826332&a=3071471&m=20796 | https://www.awin1.com/pclick.php?p=45359230096&a=3071471&m=12494 | https://www.ticketmaster.fr/fr/manifestation/wesh-mes-chers-parents-billet/idmanif/668397/idtier/18864121;
17:30;Amoutati Dans La Dame De Fer - Le Petit République;Le Petit République;1 boulevard Saint-Martin 75003 PARIS;billetreduc, fnac, ticketmaster;https://www.awin1.com/pclick.php?p=45201361127&a=3071471&m=20796 | https://www.awin1.com/pclick.php?p=45931228958&a=3071471&m=12494 | https://www.ticketmaster.fr/fr/manifestation/amoutati-billet/idmanif/666367/idseance/4410379;
21:30;Patson - Baltazar -  Le Petit République, Paris;Le Petit République;1 boulevard Saint-Martin 75003 PARIS;billetreduc, fnac, ticketmaster;https://www.awin1.com/pclick.php?p=45202776146&a=3071471&m=20796 | https://www.awin1.com/pclick.php?p=45859822785&a=3071471&m=12494 | https://www.ticketmaster.fr/fr/manifestation/patson-billet/idmanif/666484/idseance/4394966;
14:00;Avaler la brume et disparaître, Project Room de Irene Abello;Le Plateau, Frac Île-de-France;22 rue des Alouettes 75019 Paris;paris_qfap;https://www.paris.fr/evenements/avaler-la-brume-et-disparaitre-project-room-de-irene-abello-124882;
22:30;Le Grand Showtime : L'ultimate impro comédie show;Le Point Virgule;7 Rue Sainte Croix de la Bretonnerie 75004 Paris;billetreduc, fnac, ticketmaster;https://www.awin1.com/pclick.php?p=42136036989&a=3071471&m=20796 | https://www.awin1.com/pclick.php?p=45190112125&a=3071471&m=12494 | https://www.ticketmaster.fr/fr/manifestation/le-grand-showtime-billet/idmanif/451056/idtier/18864121;
14:00;L'Avare - Le Point Virgule, Paris;Le Point-Virgule;7, rue Sainte-Croix-de-la-Bretonnerie 75004 PARIS;billetreduc, fnac, ticketmaster;https://www.awin1.com/pclick.php?p=33790180941&a=3071471&m=20796 | https://www.awin1.com/pclick.php?p=45303017286&a=3071471&m=12494 | https://www.ticketmaster.fr/fr/manifestation/l-avare-de-moliere-billet/idmanif/495398/idseance/4384993;
16:00;Le Trempoint - Le Point Virgule, Paris;Le Point-Virgule;7, rue Sainte-Croix-de-la-Bretonnerie 75004 PARIS;billetreduc, fnac, ticketmaster;https://www.awin1.com/pclick.php?p=30021921741&a=3071471&m=20796 | https://www.awin1.com/pclick.php?p=45303017326&a=3071471&m=12494 | https://www.ticketmaster.fr/fr/manifestation/le-trempoint-billet/idmanif/438129/idseance/4384967;
17:15;Félix Junier - C'est Pas Grave - Le Point-Virgule, Paris;Le Point-Virgule;7, rue Sainte-Croix-de-la-Bretonnerie 75004 PARIS;billetreduc, fnac, ticketmaster;https://www.awin1.com/pclick.php?p=44843984942&a=3071471&m=20796 | https://www.awin1.com/pclick.php?p=44914342266&a=3071471&m=12494 | https://www.ticketmaster.fr/fr/manifestation/felix-junier-billet/idmanif/661192/idseance/4349864;
19:00;Mélodie Fontaine - Nickel Nickel - Le Point-Virgule, Paris;Le Point-Virgule;7, rue Sainte-Croix-de-la-Bretonnerie 75004 PARIS;billetreduc, fnac, ticketmaster;https://www.awin1.com/pclick.php?p=45222151250&a=3071471&m=20796 | https://www.awin1.com/pclick.php?p=45313091220&a=3071471&m=12494 | https://www.ticketmaster.fr/fr/manifestation/melodie-fontaine-billet/idmanif/666913/idseance/4378781;
20:00;Rémi Boyes -  Bombus Terrestris V2 - Le Point Virgule, Paris;Le Point-Virgule;7, rue Sainte-Croix-de-la-Bretonnerie 75004 PARIS;billetreduc, fnac, ticketmaster;https://www.awin1.com/pclick.php?p=41896811721&a=3071471&m=20796 | https://www.awin1.com/pclick.php?p=44754021698&a=3071471&m=12494 | https://www.ticketmaster.fr/fr/manifestation/remi-boyes-billet/idmanif/632140/idseance/4337521;
21:15;Farid Chamekh - Le Point Virgule, Paris;Le Point-Virgule;7, rue Sainte-Croix-de-la-Bretonnerie 75004 PARIS;billetreduc, fnac, ticketmaster;https://www.awin1.com/pclick.php?p=43473473398&a=3071471&m=20796 | https://www.awin1.com/pclick.php?p=44749631476&a=3071471&m=12494 | https://www.ticketmaster.fr/fr/manifestation/farid-chamekh-billet/idmanif/645643/idseance/4339773;
19:30;Pierre Thevenoux - Life Coach - Le République, Paris;Le République - Salle 1;1, boulevard Saint-Martin 75003 PARIS;billetreduc, fnac, ticketmaster;https://www.awin1.com/pclick.php?p=41990215423&a=3071471&m=20796 | https://www.awin1.com/pclick.php?p=45112828995&a=3071471&m=12494 | https://www.ticketmaster.fr/fr/manifestation/pierre-thevenoux-life-coach-billet/idmanif/632781/idtier/18864121;
20:00;Sacré Comédie Club;Le Sacré Comédie;142 Rue Montmartre 75002 Paris;billetreduc, fnac;https://www.awin1.com/pclick.php?p=30394018175&a=3071471&m=20796 | https://www.awin1.com/pclick.php?p=45939915866&a=3071471&m=12494 | https://www.awin1.com/pclick.php?p=46016980366&a=3071471&m=20796;
21:30;Sacré Comédie Club;Le Sacré Comédie;142 Rue Montmartre 75002 Paris;billetreduc, fnac;https://www.awin1.com/pclick.php?p=45939915867&a=3071471&m=12494 | https://www.awin1.com/pclick.php?p=46016980366&a=3071471&m=20796;
18:00;Matthieu Bayard dans Hyper à l'aise avec la vie;Le Solo;138 boulevard Richard Lenoir 75011 Paris;billetreduc, fnac;https://www.awin1.com/pclick.php?p=44734385088&a=3071471&m=20796 | https://www.awin1.com/pclick.php?p=45313091506&a=3071471&m=12494;
21:15;Romuald Maufras dans Saison 4;Le Solo;138 boulevard Richard Lenoir 75011 Paris;billetreduc, fnac;https://www.awin1.com/pclick.php?p=40956445481&a=3071471&m=20796 | https://www.awin1.com/pclick.php?p=45224946063&a=3071471&m=12494;
20:00;Maddy Orsinet Quartet;Le Son de la Terre;2 Port de Montebello 75005 Paris 05;paris_qfap;https://www.paris.fr/evenements/maddy-orsinet-quartet-116875;
;Jazz & goûter : toute la programmation;Le Sunset/Sunside;60, rue des Lombards 75001 Paris;paris_qfap;https://www.paris.fr/evenements/jazz-gouter-toute-la-programmtion-de-fevrier-53682;
16:00;Le Cercle des Poètes Disparus - Théâtre Libre, Paris;Le Théâtre Libre;4, boulevard de Strasbourg 75010 PARIS;billetreduc, fnac, ticketmaster;https://www.awin1.com/pclick.php?p=44569248593&a=3071471&m=20796 | https://www.awin1.com/pclick.php?p=44637363744&a=3071471&m=12494 | https://www.ticketmaster.fr/fr/manifestation/le-cercle-des-poetes-disparus-billet/idmanif/657799/idtier/18864121;
21:00;Le Cercle des Poètes Disparus - Théâtre Libre, Paris;Le Théâtre Libre;4, boulevard de Strasbourg 75010 PARIS;billetreduc, fnac, ticketmaster;https://www.awin1.com/pclick.php?p=44569248593&a=3071471&m=20796 | https://www.awin1.com/pclick.php?p=44637363745&a=3071471&m=12494 | https://www.ticketmaster.fr/fr/manifestation/le-cercle-des-poetes-disparus-billet/idmanif/657799/idtier/18864121;
20:00;Temples;Le Trianon;80, boulevard Rochechouart 75018 PARIS;fnac, ticketmaster;https://www.awin1.com/pclick.php?p=44477920577&a=3071471&m=12494 | https://www.ticketmaster.fr/fr/manifestation/temples-billet/idmanif/668565/idtier/18864121;
20:30;Martial Bort - L'Instanté;Le Triton;11 bis, rue du Coq Français 93260 LES LILAS;fnac;https://www.awin1.com/pclick.php?p=44987656632&a=3071471&m=12494;
19:30;Les Gosses;Les 3T - Théâtre du Troisième Type;14 Rue Saint-Just 93200 Saint Denis;billetreduc;https://www.awin1.com/pclick.php?p=45930879989&a=3071471&m=20796;
14:00;Shrek Le Musical - Mise en Scène de Philippe Hersen - Les Folies Bergère, Paris;Les Folies Bergère;32, rue Richer 75009 PARIS;billetreduc, fnac, ticketmaster;https://www.awin1.com/pclick.php?p=42833948468&a=3071471&m=12494 | https://www.awin1.com/pclick.php?p=45294927390&a=3071471&m=20796 | https://www.ticketmaster.fr/fr/manifestation/shrek-le-musical-billet/idmanif/638809/idseance/4184508;
20:00;L'Âge Bête - Michèle Laroque & Kad Merad- Les Folies Bergère, Paris;Les Folies Bergère;32, rue Richer 75009 PARIS;billetreduc, fnac, paris_qfap, ticketmaster;https://www.awin1.com/pclick.php?p=40784452526&a=3071471&m=20796 | https://www.awin1.com/pclick.php?p=40785264976&a=3071471&m=12494 | https://www.paris.fr/evenements/l-age-bete-123794 | https://www.ticketmaster.fr/fr/manifestation/michele-laroque-et-kad-merad-billet/idmanif/617388/idseance/4065241;
15:00;Les Folies Gruss - Paris;Les Folies Gruss;Porte de Passy 75016 PARIS;fnac;https://www.awin1.com/pclick.php?p=46168788482&a=3071471&m=12494;
21:00;Les Folies Gruss - Paris;Les Folies Gruss;Porte de Passy 75016 PARIS;fnac;https://www.awin1.com/pclick.php?p=46168788483&a=3071471&m=12494;
;Les P'tits Baudets, la prog famille des Trois Baudets !;Les Trois Baudets;64 Boulevard de Clichy 75018 Paris;paris_qfap;https://www.paris.fr/evenements/les-p-tits-baudets-la-prog-famille-des-trois-baudets-116611;
15:00;Singin' in the Rain - Théâtre du Lido, Paris;Lido 2 - Paris;116 bis, avenue des Champs-Elysées 75008 PARIS;fnac, ticketmaster;https://www.awin1.com/pclick.php?p=45942988621&a=3071471&m=12494 | https://www.ticketmaster.fr/fr/manifestation/singin-in-the-rain-billet/idmanif/667354/idseance/4383253;
20:00;Singin' in the Rain - Théâtre du Lido, Paris;Lido 2 - Paris;116 bis, avenue des Champs-Elysées 75008 PARIS;fnac, ticketmaster;https://www.awin1.com/pclick.php?p=45942988622&a=3071471&m=12494 | https://www.ticketmaster.fr/fr/manifestation/singin-in-the-rain-billet/idmanif/667354/idseance/4383254;
10:00;Napoléon, l'épopée immersive;Louvre - Napoléon Expérience;52 rue du Louvre 75001 Paris;billetreduc;https://www.awin1.com/pclick.php?p=44669332975&a=3071471&m=20796;
10:40;Napoléon, l'épopée immersive;Louvre - Napoléon Expérience;52 rue du Louvre 75001 Paris;billetreduc;https://www.awin1.com/pclick.php?p=44669332975&a=3071471&m=20796;
11:20;Napoléon, l'épopée immersive;Louvre - Napoléon Expérience;52 rue du Louvre 75001 Paris;billetreduc;https://www.awin1.com/pclick.php?p=44669332975&a=3071471&m=20796;
12:00;Napoléon, l'épopée immersive;Louvre - Napoléon Expérience;52 rue du Louvre 75001 Paris;billetreduc;https://www.awin1.com/pclick.php?p=44669332975&a=3071471&m=20796;
12:40;Napoléon, l'épopée immersive;Louvre - Napoléon Expérience;52 rue du Louvre 75001 Paris;billetreduc;https://www.awin1.com/pclick.php?p=44669332975&a=3071471&m=20796;
13:20;Napoléon, l'épopée immersive;Louvre - Napoléon Expérience;52 rue du Louvre 75001 Paris;billetreduc;https://www.awin1.com/pclick.php?p=44669332975&a=3071471&m=20796;
14:00;Napoléon, l'épopée immersive;Louvre - Napoléon Expérience;52 rue du Louvre 75001 Paris;billetreduc;https://www.awin1.com/pclick.php?p=44669332975&a=3071471&m=20796;
14:40;Napoléon, l'épopée immersive;Louvre - Napoléon Expérience;52 rue du Louvre 75001 Paris;billetreduc;https://www.awin1.com/pclick.php?p=44669332975&a=3071471&m=20796;
15:20;Napoléon, l'épopée immersive;Louvre - Napoléon Expérience;52 rue du Louvre 75001 Paris;billetreduc;https://www.awin1.com/pclick.php?p=44669332975&a=3071471&m=20796;
16:00;Napoléon, l'épopée immersive;Louvre - Napoléon Expérience;52 rue du Louvre 75001 Paris;billetreduc;https://www.awin1.com/pclick.php?p=44669332975&a=3071471&m=20796;
16:40;Napoléon, l'épopée immersive;Louvre - Napoléon Expérience;52 rue du Louvre 75001 Paris;billetreduc;https://www.awin1.com/pclick.php?p=44669332975&a=3071471&m=20796;
17:20;Napoléon, l'épopée immersive;Louvre - Napoléon Expérience;52 rue du Louvre 75001 Paris;billetreduc;https://www.awin1.com/pclick.php?p=44669332975&a=3071471&m=20796;
18:00;Napoléon, l'épopée immersive;Louvre - Napoléon Expérience;52 rue du Louvre 75001 Paris;billetreduc;https://www.awin1.com/pclick.php?p=44669332975&a=3071471&m=20796;
18:40;Napoléon, l'épopée immersive;Louvre - Napoléon Expérience;52 rue du Louvre 75001 Paris;billetreduc;https://www.awin1.com/pclick.php?p=44669332975&a=3071471&m=20796;
19:20;Napoléon, l'épopée immersive;Louvre - Napoléon Expérience;52 rue du Louvre 75001 Paris;billetreduc;https://www.awin1.com/pclick.php?p=44669332975&a=3071471&m=20796;
19:00;Madeleine Béjart, une Femme Libre - Lucernaire, Paris;Lucernaire - Salle le Paradis;53, rue Notre-Dame-des-Champs 75006 PARIS;billetreduc, fnac, ticketmaster;https://www.awin1.com/pclick.php?p=45170205549&a=3071471&m=20796 | https://www.awin1.com/pclick.php?p=45190111925&a=3071471&m=12494 | https://www.ticketmaster.fr/fr/manifestation/madeleine-bejart-une-femme-libre-billet/idmanif/666062/idseance/4375270;
21:00;Hemingway - Lucernaire, Paris;Lucernaire - Salle le Paradis;53, rue Notre-Dame-des-Champs 75006 PARIS;billetreduc, fnac, ticketmaster;https://www.awin1.com/pclick.php?p=45170205550&a=3071471&m=20796 | https://www.awin1.com/pclick.php?p=45190111984&a=3071471&m=12494 | https://www.ticketmaster.fr/fr/manifestation/hemingway-billet/idmanif/666160/idseance/4375594;
18:30;Dolto, Lorsque Françoise Paraît - Lucernaire, Paris;Lucernaire - Théâtre Noir;53, rue Notre-Dame-des-Champs 75006 PARIS;billetreduc, fnac, ticketmaster;https://www.awin1.com/pclick.php?p=45237403971&a=3071471&m=20796 | https://www.awin1.com/pclick.php?p=45859829455&a=3071471&m=12494 | https://www.ticketmaster.fr/fr/manifestation/dolto-lorsque-francoise-parait-billet/idmanif/668318/idseance/4387850;
19:00;Le Schpountz - Le Lucernaire, Paris;Lucernaire - Théâtre Rouge;53, rue Notre-Dame-des-Champs 75006 PARIS;billetreduc, fnac, ticketmaster;https://www.awin1.com/pclick.php?p=45170205551&a=3071471&m=20796 | https://www.awin1.com/pclick.php?p=45237860333&a=3071471&m=12494 | https://www.ticketmaster.fr/fr/manifestation/le-schpountz-de-marcel-pagnol-billet/idmanif/666354/idseance/4376985;
21:00;Touchée par les Fées, Ultima Verba - Lucernaire, Paris;Lucernaire - Théâtre Rouge;53, rue Notre-Dame-des-Champs 75006 PARIS;billetreduc, fnac, ticketmaster;https://www.awin1.com/pclick.php?p=45245962393&a=3071471&m=20796 | https://www.awin1.com/pclick.php?p=45859829508&a=3071471&m=12494 | https://www.ticketmaster.fr/fr/manifestation/touchee-par-les-fees-ultima-verba-billet/idmanif/668378/idtier/18864121;
18:30;DÎNER POUR 2 PERSONNES - TOUR EIFFEL;MADAME BRASSERIE;1ER ÉTAGE DE LA TOUR EIFFEL Paris;ticketmaster;https://www.ticketmaster.fr/fr/manifestation/diner-pour-2-personnes-tour-eiffel-billet/idmanif/643778/idtier/18864121;
21:00;DÎNER POUR 2 PERSONNES - TOUR EIFFEL;MADAME BRASSERIE;1ER ÉTAGE DE LA TOUR EIFFEL Paris;ticketmaster;https://www.ticketmaster.fr/fr/manifestation/diner-pour-2-personnes-tour-eiffel-billet/idmanif/643778/idtier/18864121;
17:00;Madame Sarfati Comedy Club;Madame Sarfati;49, rue Berger 75001 Paris;billetreduc;https://www.awin1.com/pclick.php?p=45770511452&a=3071471&m=20796;
19:00;Madame Sarfati Comedy Club;Madame Sarfati;49, rue Berger 75001 Paris;billetreduc;https://www.awin1.com/pclick.php?p=45770511452&a=3071471&m=20796;
21:00;Madame Sarfati Comedy Club;Madame Sarfati;49, rue Berger 75001 Paris;billetreduc;https://www.awin1.com/pclick.php?p=45770511452&a=3071471&m=20796;
22:45;Madame Sarfati Comedy Club;Madame Sarfati;49, rue Berger 75001 Paris;billetreduc;https://www.awin1.com/pclick.php?p=45770511452&a=3071471&m=20796;
;Les concerts en famille de Radio France;Maison de la Radio et de la musique - Studio 104;116, avenue du Président Kennedy 75016 Paris;paris_qfap;https://www.paris.fr/evenements/les-concerts-en-famille-de-radio-france-42128;
15:30;Atelier parents-enfants;Maison de la Vie Associative et Citoyenne du 11e arrondissement;8 rue du Général Renault 75011 Paris;paris_qfap;https://www.paris.fr/evenements/atelier-parents-enfants-106538;
14:00;Spectacle « Demain, demain ! », une lecture écolo-musicale;Maison du Jardinage et du Compostage;41, rue Paul-Belmondo - Parc de Bercy 75012 Paris;paris_qfap;https://www.paris.fr/evenements/spectacle-demain-demain-une-lecture-ecolo-musicale-123788;
15:00;Spectacle « Demain, demain ! », une lecture écolo-musicale;Maison du Jardinage et du Compostage;41, rue Paul-Belmondo - Parc de Bercy 75012 Paris;paris_qfap;https://www.paris.fr/evenements/spectacle-demain-demain-une-lecture-ecolo-musicale-123788;
14:30;Matières vocales;Maison Populaire;9 bis rue Dombasle;openagenda;https://openagenda.com/fr/agenda-temps-libres/events/matieres-vocales;
13:00;Jeu de piste en autonomie : Des menaces à Radio-France;Maison Radio France - Salle Olivier Messiaen;116, avenue du Président Kennedy 75016 Paris;billetreduc;https://www.awin1.com/pclick.php?p=34290974481&a=3071471&m=20796;
14:00;Jeu de piste en autonomie : Des menaces à Radio-France;Maison Radio France - Salle Olivier Messiaen;116, avenue du Président Kennedy 75016 Paris;billetreduc;https://www.awin1.com/pclick.php?p=34290974481&a=3071471&m=20796;
17:00;Mama comedy club;Mama comedy club;26 rue des Lombards 75004 Paris;billetreduc;https://www.awin1.com/pclick.php?p=45573217396&a=3071471&m=20796;
20:00;Mama comedy club;Mama comedy club;26 rue des Lombards 75004 Paris;billetreduc;https://www.awin1.com/pclick.php?p=45573217396&a=3071471&m=20796;
21:30;Mama comedy club;Mama comedy club;26 rue des Lombards 75004 Paris;billetreduc;https://www.awin1.com/pclick.php?p=45573217396&a=3071471&m=20796;
22:45;Mama comedy club;Mama comedy club;26 rue des Lombards 75004 Paris;billetreduc;https://www.awin1.com/pclick.php?p=45573217396&a=3071471&m=20796;
10:45;Mazarin et les Gardiens du Secret;Mazarin et les Gardiens du Secret;5 rue Vivienne 75002 Paris;billetreduc;https://www.awin1.com/pclick.php?p=46156704794&a=3071471&m=20796;
11:00;Un vol au Palais Royal : un jeu de piste en autonomie à télécharger;Metro Palais Royal - Musée du Louvre;Métro Palais Royal - Musée du Louvre 75001 Paris;billetreduc;https://www.awin1.com/pclick.php?p=36496829880&a=3071471&m=20796;
13:00;Un vol au Palais Royal : un jeu de piste en autonomie à télécharger;Metro Palais Royal - Musée du Louvre;Métro Palais Royal - Musée du Louvre 75001 Paris;billetreduc;https://www.awin1.com/pclick.php?p=36496829880&a=3071471&m=20796;
14:00;Un vol au Palais Royal : un jeu de piste en autonomie à télécharger;Metro Palais Royal - Musée du Louvre;Métro Palais Royal - Musée du Louvre 75001 Paris;billetreduc;https://www.awin1.com/pclick.php?p=36496829880&a=3071471&m=20796;
14:30;Jeu de piste : Enquête Sous couvert;Metro Palais Royal - Musée du Louvre;Métro Palais Royal - Musée du Louvre 75001 Paris;billetreduc;https://www.awin1.com/pclick.php?p=40667057937&a=3071471&m=20796;
11:00;Visite guidée en réalité virtuelle : La Tour Eiffel;Monument des Droits de l'Homme;Champ-de-Mars - Avenue Charles Risler 75007 Paris;billetreduc;https://www.awin1.com/pclick.php?p=46059842551&a=3071471&m=20796;
14:00;Visite guidée en réalité virtuelle : La Tour Eiffel;Monument des Droits de l'Homme;Champ-de-Mars - Avenue Charles Risler 75007 Paris;billetreduc;https://www.awin1.com/pclick.php?p=46059842551&a=3071471&m=20796;
16:30;Visite guidée en réalité virtuelle : La Tour Eiffel;Monument des Droits de l'Homme;Champ-de-Mars - Avenue Charles Risler 75007 Paris;billetreduc;https://www.awin1.com/pclick.php?p=46059842551&a=3071471&m=20796;
10:30;ANDY WARHOL - ENTRÉE SIMPLE;MUSEE DU LUXEMBOURG;19 Rue de Vaugirard Paris;ticketmaster;https://www.ticketmaster.fr/fr/manifestation/andy-warhol-entree-simple-billet/idmanif/665920/idtier/18864121;
12:15;ANDY WARHOL - VISITE GUIDÉE;MUSEE DU LUXEMBOURG;19 Rue de Vaugirard Paris;ticketmaster;https://www.ticketmaster.fr/fr/manifestation/andy-warhol-visite-guidee-billet/idmanif/665923/idtier/18864121;
14:30;ANDY WARHOL - VISITE GUIDÉE;MUSEE DU LUXEMBOURG;19 Rue de Vaugirard Paris;ticketmaster;https://www.ticketmaster.fr/fr/manifestation/andy-warhol-visite-guidee-billet/idmanif/665923/idtier/18864121;
11:00;MUSEE   EXPOSITIONS TEMPORAIRES;MUSEE DU QUAI BRANLY JACQUES CHIRAC;37 QUAI BRANLY Paris;ticketmaster;https://www.ticketmaster.fr/fr/manifestation/musee-expositions-temporaires-billet/idmanif/608542/idseance/4288510;
12:30;MUSEE   EXPOSITIONS TEMPORAIRES;MUSEE DU QUAI BRANLY JACQUES CHIRAC;37 QUAI BRANLY Paris;ticketmaster;https://www.ticketmaster.fr/fr/manifestation/musee-expositions-temporaires-billet/idmanif/608542/idseance/4288511;
14:00;MUSEE   EXPOSITIONS TEMPORAIRES;MUSEE DU QUAI BRANLY JACQUES CHIRAC;37 QUAI BRANLY Paris;ticketmaster;https://www.ticketmaster.fr/fr/manifestation/musee-expositions-temporaires-billet/idmanif/608542/idseance/4288512;
15:30;MUSEE   EXPOSITIONS TEMPORAIRES;MUSEE DU QUAI BRANLY JACQUES CHIRAC;37 QUAI BRANLY Paris;ticketmaster;https://www.ticketmaster.fr/fr/manifestation/musee-expositions-temporaires-billet/idmanif/608542/idseance/4288513;
17:00;MUSEE   EXPOSITIONS TEMPORAIRES;MUSEE DU QUAI BRANLY JACQUES CHIRAC;37 QUAI BRANLY Paris;ticketmaster;https://www.ticketmaster.fr/fr/manifestation/musee-expositions-temporaires-billet/idmanif/608542/idseance/4288514;
10:00;HISTOIRES DE PAYSAGES;MUSEE MARMOTTAN MONET;2 RUE LOUIS BOILLY Paris;ticketmaster;https://www.ticketmaster.fr/fr/manifestation/histoires-de-paysages-billet/idmanif/672448/idseance/4417370 | https://www.ticketmaster.fr/fr/manifestation/histoires-de-paysages-billet/idmanif/672448/idseance/4417371 | https://www.ticketmaster.fr/fr/manifestation/histoires-de-paysages-billet/idmanif/672448/idseance/4417372 | https://www.ticketmaster.fr/fr/manifestation/histoires-de-paysages-billet/idmanif/672448/idseance/4417373 | https://www.ticketmaster.fr/fr/manifestation/histoires-de-paysages-billet/idmanif/672448/idseance/4417374 | https://www.ticketmaster.fr/fr/manifestation/histoires-de-paysages-billet/idmanif/672448/idseance/4417375 | https://www.ticketmaster.fr/fr/manifestation/histoires-de-paysages-billet/idmanif/672448/idseance/4417376 | https://www.ticketmaster.fr/fr/manifestation/histoires-de-paysages-billet/idmanif/672448/idseance/4417377 | https://www.ticketmaster.fr/fr/manifestation/histoires-de-paysages-billet/idmanif/672448/idseance/4417378 | https://www.ticketmaster.fr/fr/manifestation/histoires-de-paysages-billet/idmanif/672448/idseance/4417379 | https://www.ticketmaster.fr/fr/manifestation/histoires-de-paysages-billet/idmanif/672448/idseance/4417380 | https://www.ticketmaster.fr/fr/manifestation/histoires-de-paysages-billet/idmanif/672448/idseance/4417381 | https://www.ticketmaster.fr/fr/manifestation/histoires-de-paysages-billet/idmanif/672448/idseance/4417382 | https://www.ticketmaster.fr/fr/manifestation/histoires-de-paysages-billet/idmanif/672448/idseance/4417383;
10:00;LE CIRQUE, FABRIQUE DE L'ART MODERNE;MUSÉE DE MONTMARTRE ET JARDINS RENOIR;12, RUE CORTOT Paris;ticketmaster;https://www.ticketmaster.fr/fr/manifestation/le-cirque-fabrique-de-l-art-moderne-billet/idmanif/672577/idseance/4422045;
09:30;Nicolas Flamel. Alchimiste de papier;Musée du Cluny;28, rue du Sommerard 75005 Paris;paris_qfap;https://www.paris.fr/evenements/nicolas-flamel-alchimiste-de-papier-117753;
20:30;La Traviata - Musée Jacquemart-André, Paris;Musée Jacquemart-André;158, bd Haussmann 75008 PARIS;fnac;https://www.awin1.com/pclick.php?p=44732357258&a=3071471&m=12494;
11:00;L'heure du conte des tout-petits;Médiathèque Jean-Pierre Melville;79 rue Nationale 75013 Paris;paris_qfap;https://www.paris.fr/evenements/l-heure-du-conte-des-tout-petits-64248;
10:30;La cabane des grandes histoires (4-8 ans);Médiathèque Virginia Woolf;4 rue Germaine Krull 75013 Paris;paris_qfap;https://www.paris.fr/evenements/la-cabane-des-grandes-histoires-4-8-ans-113599;
;Atelier chorale : Mai en chantant;Mémorial de la Shoah;17 rue Geoffroy l'Asnier 75004 Paris;paris_qfap;https://www.paris.fr/evenements/atelier-chorale-mai-en-chantant-117431;
14:30;Visite enquête à Paris : Le prisonnier de la Bastille;Métro Bastille;rue de la Roquette 75011 Paris;billetreduc;https://www.awin1.com/pclick.php?p=46175417543&a=3071471&m=20796;
13:00;Une disparition à Montmartre : un jeu de piste en autonomie à télécharger;Métro Blanche;Métro Blanche 75018 Paris;billetreduc;https://www.awin1.com/pclick.php?p=43621815388&a=3071471&m=20796;
14:00;Une disparition à Montmartre : un jeu de piste en autonomie à télécharger;Métro Blanche;Métro Blanche 75018 Paris;billetreduc;https://www.awin1.com/pclick.php?p=43621815388&a=3071471&m=20796;
14:00;Jeu de piste en autonomie : les disparus de la butte aux Cailles;Métro Corvisart;Station de Métro Corvisart 75013 Paris;billetreduc;https://www.awin1.com/pclick.php?p=45021859071&a=3071471&m=20796;
15:00;Jeu de piste en autonomie : les disparus de la butte aux Cailles;Métro Corvisart;Station de Métro Corvisart 75013 Paris;billetreduc;https://www.awin1.com/pclick.php?p=45021859071&a=3071471&m=20796;
14:00;Jeu de piste en autonomie : le mystère la commode du Faubourg Saint Antoine;Métro Ledru-Rollin;Métro Ledru-Rollin 75012 Paris;billetreduc;https://www.awin1.com/pclick.php?p=34290974503&a=3071471&m=20796;
15:00;Jeu de piste en autonomie : le mystère la commode du Faubourg Saint Antoine;Métro Ledru-Rollin;Métro Ledru-Rollin 75012 Paris;billetreduc;https://www.awin1.com/pclick.php?p=34290974503&a=3071471&m=20796;
13:00;Jeu de piste en autonomie : Un voyage par Issy;Métro Mairie d'Issy;62 Rue du Général Leclerc 92130 Issy les Moulineaux;billetreduc;https://www.awin1.com/pclick.php?p=37868956519&a=3071471&m=20796;
14:00;Jeu de piste en autonomie : Un voyage par Issy;Métro Mairie d'Issy;62 Rue du Général Leclerc 92130 Issy les Moulineaux;billetreduc;https://www.awin1.com/pclick.php?p=37868956519&a=3071471&m=20796;
14:00;Jeu de piste en autonomie : L'Ange de Pigalle;Métro Pigalle;Métro Pigalle 75018 Paris;billetreduc;https://www.awin1.com/pclick.php?p=35647149532&a=3071471&m=20796;
14:00;Jeu de piste en autonomie : La sorcière du Quartier Mouffetard;Métro Place Monge;Métro Place Monge 75005 Paris;billetreduc;https://www.awin1.com/pclick.php?p=34302166837&a=3071471&m=20796;
17:20;Jeu de piste en autonomie : La sorcière du Quartier Mouffetard;Métro Place Monge;Métro Place Monge 75005 Paris;billetreduc;https://www.awin1.com/pclick.php?p=34302166837&a=3071471&m=20796;
20:00;Goldford;New Morning;7/9 Rue des Petites Ecuries 75010 PARIS;fnac;https://www.awin1.com/pclick.php?p=45247575377&a=3071471&m=12494;
14:00;La Maison Hantée - Palais des Glaces, Paris;Palais des Glaces;37, rue du Faubourg du Temple 75010 PARIS;billetreduc, fnac, ticketmaster;https://www.awin1.com/pclick.php?p=44848307700&a=3071471&m=12494 | https://www.awin1.com/pclick.php?p=45015168002&a=3071471&m=20796 | https://www.ticketmaster.fr/fr/manifestation/la-maison-hantee-billet/idmanif/615602/idseance/4340561;
19:00;AZ - Au-dessus de tout - Palais des Glaces, Paris;Palais des Glaces;37, rue du Faubourg du Temple 75010 PARIS;billetreduc, fnac, ticketmaster;https://www.awin1.com/pclick.php?p=44734385087&a=3071471&m=20796 | https://www.awin1.com/pclick.php?p=44754021636&a=3071471&m=12494 | https://www.ticketmaster.fr/fr/manifestation/az-au-dessus-de-tout-billet/idmanif/659757/idseance/4340382;
21:15;Ilyes Djadel - Déjà - Palais des Glaces, Paris;Palais des Glaces;37, rue du Faubourg du Temple 75010 PARIS;billetreduc, fnac, ticketmaster;https://www.awin1.com/pclick.php?p=43955120524&a=3071471&m=20796 | https://www.awin1.com/pclick.php?p=46194028539&a=3071471&m=12494 | https://www.ticketmaster.fr/fr/manifestation/ilyes-djadel-billet/idmanif/650388/idseance/4279144;
19:00;Marie de Brauer - Bodycount - Palais des Glaces, Paris;Palais des Glaces - Salle 2;37, rue du Faubourg du Temple 75010 PARIS;fnac;https://www.awin1.com/pclick.php?p=44027550051&a=3071471&m=12494;
20:10;Loubna Jaouhari - Survivor - Palais des Glaces, Paris;Palais des Glaces - Salle 2;37, rue du Faubourg du Temple 75010 PARIS;billetreduc, fnac, ticketmaster;https://www.awin1.com/pclick.php?p=45934404992&a=3071471&m=20796 | https://www.awin1.com/pclick.php?p=45950509678&a=3071471&m=12494 | https://www.ticketmaster.fr/fr/manifestation/loubna-jaouhari-survivor-billet/idmanif/672625/idseance/4422473;
20:10;Umut Köker - Paradoxe - Palais des Glaces, Paris;Palais des Glaces - Salle 2;37, rue du Faubourg du Temple 75010 PARIS;fnac;https://www.awin1.com/pclick.php?p=44626272079&a=3071471&m=12494;
21:30;Sofiane Soch - Raconte moi Tout ! - Palais des Glaces, Paris;Palais des Glaces - Salle 2;37, rue du Faubourg du Temple 75010 PARIS;fnac;https://www.awin1.com/pclick.php?p=45175824853&a=3071471&m=12494;
14:30;PAYSAGES INTERIEURS;PALAIS GARNIER / OPERA GARNIER;PLACE DE L'OPÉRA Paris;ticketmaster;https://www.ticketmaster.fr/fr/manifestation/paysages-interieurs-billet/idmanif/659101/idtier/18864121;
20:00;PAYSAGES INTERIEURS;PALAIS GARNIER / OPERA GARNIER;PLACE DE L'OPÉRA Paris;ticketmaster;https://www.ticketmaster.fr/fr/manifestation/paysages-interieurs-billet/idmanif/659101/idtier/18864121;
11:00;Paname Comedy Club - Paris;Paname Art Café;14, rue de la Fontaine au Roi 75011 PARIS;billetreduc, fnac, ticketmaster;https://www.awin1.com/pclick.php?p=34113621607&a=3071471&m=20796 | https://www.awin1.com/pclick.php?p=46029363759&a=3071471&m=12494 | https://www.ticketmaster.fr/fr/manifestation/paname-comedy-club-billet/idmanif/642805/idseance/4328012;
11:00;Paname Comedy Brunch;Paname Art Café;14 rue de la Fontaine au Roi 75011 Paris;billetreduc, fnac;https://www.awin1.com/pclick.php?p=35394309131&a=3071471&m=20796 | https://www.awin1.com/pclick.php?p=44541021528&a=3071471&m=12494;
14:30;Paname Comedy Brunch;Paname Art Café;14 rue de la Fontaine au Roi 75011 Paris;billetreduc, fnac;https://www.awin1.com/pclick.php?p=35394309131&a=3071471&m=20796 | https://www.awin1.com/pclick.php?p=44541021529&a=3071471&m=12494;
16:00;Paname Comedy Club - Paris;Paname Art Café;14, rue de la Fontaine au Roi 75011 PARIS;billetreduc, fnac, ticketmaster;https://www.awin1.com/pclick.php?p=34113621607&a=3071471&m=20796 | https://www.awin1.com/pclick.php?p=46029363760&a=3071471&m=12494 | https://www.ticketmaster.fr/fr/manifestation/paname-comedy-club-billet/idmanif/642805/idseance/4328013;
17:15;Paname Comedy Club - Paris;Paname Art Café;14, rue de la Fontaine au Roi 75011 PARIS;billetreduc, fnac, ticketmaster;https://www.awin1.com/pclick.php?p=34113621607&a=3071471&m=20796 | https://www.awin1.com/pclick.php?p=46029363761&a=3071471&m=12494 | https://www.ticketmaster.fr/fr/manifestation/paname-comedy-club-billet/idmanif/642805/idseance/4328014;
19:00;Paname Comedy Club - Paris;Paname Art Café;14, rue de la Fontaine au Roi 75011 PARIS;billetreduc, fnac, ticketmaster;https://www.awin1.com/pclick.php?p=34113621607&a=3071471&m=20796 | https://www.awin1.com/pclick.php?p=46029363762&a=3071471&m=12494 | https://www.ticketmaster.fr/fr/manifestation/paname-comedy-club-billet/idmanif/642805/idseance/4328015;
19:00;Paname Diner Comedy;Paname Art Café;14 rue de la Fontaine au Roi 75011 Paris;billetreduc, fnac;https://www.awin1.com/pclick.php?p=35006560763&a=3071471&m=20796 | https://www.awin1.com/pclick.php?p=44350477673&a=3071471&m=12494;
22:30;Paname Diner Comedy;Paname Art Café;14 rue de la Fontaine au Roi 75011 Paris;billetreduc, fnac;https://www.awin1.com/pclick.php?p=35006560763&a=3071471&m=20796 | https://www.awin1.com/pclick.php?p=44350477674&a=3071471&m=12494;
19:30;L'Oiseau Paradis - Dîner-Spectacle;Paradis Latin;28, rue du Cardinal Lemoine 75005 PARIS;fnac;https://www.awin1.com/pclick.php?p=43300660889&a=3071471&m=12494;
19:30;DINER SPECTACLE - DINER   REVUE 'L'OISEAU PARADIS';PARADIS LATIN;28 rue Cardinal Lemoine Paris;ticketmaster;https://www.ticketmaster.fr/fr/manifestation/diner-spectacle-billet/idmanif/646335/idtier/18864121;
21:30;L'Oiseau Paradis - Revue-Champagne;Paradis Latin;28, rue du Cardinal Lemoine 75005 PARIS;fnac;https://www.awin1.com/pclick.php?p=43300660532&a=3071471&m=12494;
;Kiosque en Fête au parc de Belleville;Parc de Belleville;47 rue des Couronnes 75020 Paris;paris_qfap;https://www.paris.fr/evenements/kiosque-en-fete-a-l-amphiteatre-du-parc-de-belleville-86912;
;Kiosque en Fête au parc de Choisy;Parc de Choisy;128, avenue de Choisy 75013 Paris;paris_qfap;https://www.paris.fr/evenements/kiosque-en-fete-au-parc-de-choisy-108592;
;Kiosque en Fête au parc Georges Brassens;Parc Georges Brassens;2, place Jacques-Marette 75015 Paris;paris_qfap;https://www.paris.fr/evenements/kiosque-en-fete-au-parc-george-brassens-108625;
14:00;Jeu de piste en autonomie : La porte magique du parc Monceau;Parc Monceau;boulevard de Courcelles 75008 Paris;billetreduc;https://www.awin1.com/pclick.php?p=33637736401&a=3071471&m=20796;
;Kiosque en Fête au parc Montsouris;Parc Montsouris;2, rue Gazan 75014 Paris;paris_qfap;https://www.paris.fr/evenements/kiosque-en-fete-au-parc-montsouris-108620;
09:00;MONDIAL DE L'AUTO 2026;PARIS EXPO PORTE DE VERSAILLES;PORTE DE VERSAILLES Paris;ticketmaster;https://www.ticketmaster.fr/fr/manifestation/mondial-de-l-auto-2026-billet/idmanif/668207/idseance/4388177;
13:30;MONDIAL DE L'AUTO 2026;PARIS EXPO PORTE DE VERSAILLES;PORTE DE VERSAILLES Paris;ticketmaster;https://www.ticketmaster.fr/fr/manifestation/mondial-de-l-auto-2026-billet/idmanif/668207/idseance/4388178;
;Illusions Tour - Le plus grand show de magie d'Europe ENFIN sur Paris !!!;Pelouse de Reuilly;Pelouse de Reuilly 75012 Paris;paris_qfap;https://www.paris.fr/evenements/illusions-tour-le-plus-grand-show-de-magie-d-europe-enfin-sur-paris-124775;
14:00;Illusions Tour, le festival de Magie et de Cirque;Pelouse de Reuilly;Pelouse de Reuilly 75012 Paris 12ème;billetreduc;https://www.awin1.com/pclick.php?p=46030970444&a=3071471&m=20796;
17:00;Illusions Tour, le festival de Magie et de Cirque;Pelouse de Reuilly;Pelouse de Reuilly 75012 Paris 12ème;billetreduc;https://www.awin1.com/pclick.php?p=46030970444&a=3071471&m=20796;
20:00;Illusions Tour, le festival de Magie et de Cirque;Pelouse de Reuilly;Pelouse de Reuilly 75012 Paris 12ème;billetreduc;https://www.awin1.com/pclick.php?p=46030970444&a=3071471&m=20796;
20:00;California Disco Suicide - Indie Pop;Peniche Marcounet;14 Quai de l'Hôtel de ville 75004 Paris;paris_qfap;https://www.paris.fr/evenements/california-disco-suicide-indie-pop-124728;
21:00;Youness Hanifi dans 7 vies;Petit gymnase au Théatre du Gymnase Marie-Bell;38 boulevard Bonne nouvelle 75010 Paris;billetreduc;https://www.awin1.com/pclick.php?p=44977447001&a=3071471&m=20796;
16:30;Le Porteur d'Histoire - Petit Montparnasse - Paris;PETIT MONTPARNASSE;31, rue de la gaité 75014 PARIS;billetreduc, fnac, ticketmaster;https://www.awin1.com/pclick.php?p=37730969842&a=3071471&m=20796 | https://www.awin1.com/pclick.php?p=45278833063&a=3071471&m=12494 | https://www.ticketmaster.fr/fr/manifestation/le-porteur-d-histoire-billet/idmanif/667363/idtier/18864121;
19:00;Le Plancher - Petit Montparnasse - Paris;PETIT MONTPARNASSE;31, rue de la gaité 75014 PARIS;billetreduc, fnac;https://www.awin1.com/pclick.php?p=45131876516&a=3071471&m=20796 | https://www.awin1.com/pclick.php?p=45278832751&a=3071471&m=12494;
21:00;La Femme qui n'aimait pas Rabbi Jacob - Théâtre du Petit Montparnasse, Paris;PETIT MONTPARNASSE;31, rue de la gaité 75014 PARIS;billetreduc, fnac, ticketmaster;https://www.awin1.com/pclick.php?p=43231595875&a=3071471&m=20796 | https://www.awin1.com/pclick.php?p=44919381771&a=3071471&m=12494 | https://www.ticketmaster.fr/fr/manifestation/la-femme-qui-n-aimait-pas-rabbi-jacob-billet/idmanif/658621/idtier/18864121;
19:00;Marie de Brauer dans Bodycount;Petit Palais des Glaces;37, Rue du Faubourg du Temple 75010 Paris;billetreduc;https://www.awin1.com/pclick.php?p=44016995827&a=3071471&m=20796;
19:00;MARIE DE BRAUER ' En spectacle';PETIT PALAIS DES GLACES;37 Rue du Faubourg du Temple Paris;ticketmaster;https://www.ticketmaster.fr/fr/manifestation/marie-de-brauer-en-spectacle-billet/idmanif/651034/idtier/18864121;
20:10;Umut Köker dans Paradoxe;Petit Palais des Glaces;37, Rue du Faubourg du Temple 75010 Paris;billetreduc;https://www.awin1.com/pclick.php?p=44613386996&a=3071471&m=20796;
21:30;Sofiane Soch dans Raconte moi tout !;Petit Palais des Glaces;37, Rue du Faubourg du Temple 75010 Paris;billetreduc, ticketmaster;https://www.awin1.com/pclick.php?p=41907977822&a=3071471&m=20796 | https://www.ticketmaster.fr/fr/manifestation/sofiane-soch-dans-raconte-moi-tout-billet/idmanif/632276/idseance/4390997;
15:00;La Belle et la Bête - Petit Théâtre du Gymnase, Paris;PETIT THEATRE DU GYMNASE;38, bld Bonne Nouvelle 75010 PARIS;billetreduc, fnac, ticketmaster;https://www.awin1.com/pclick.php?p=45396529471&a=3071471&m=20796 | https://www.awin1.com/pclick.php?p=45859811597&a=3071471&m=12494 | https://www.ticketmaster.fr/fr/manifestation/la-belle-et-la-bete-billet/idmanif/669422/idseance/4391589;
17:00;La Folle du 5ème - Petit Gymnase, Paris;PETIT THEATRE DU GYMNASE;38, bld Bonne Nouvelle 75010 PARIS;billetreduc, fnac, ticketmaster;https://www.awin1.com/pclick.php?p=45343826333&a=3071471&m=20796 | https://www.awin1.com/pclick.php?p=45387359959&a=3071471&m=12494 | https://www.ticketmaster.fr/fr/manifestation/la-folle-du-5eme-billet/idmanif/668524/idtier/18864121;
19:00;Brassens, L'Amour des Mots - Petit Théâtre du Gymnase, Paris;PETIT THEATRE DU GYMNASE;38, bld Bonne Nouvelle 75010 PARIS;billetreduc, fnac, ticketmaster;https://www.awin1.com/pclick.php?p=45255747764&a=3071471&m=20796 | https://www.awin1.com/pclick.php?p=45279361144&a=3071471&m=12494 | https://www.ticketmaster.fr/fr/manifestation/brassens-l-amour-des-mots-billet/idmanif/667868/idseance/4385256;
21:00;A Queen Is Born de et avec Marlène Schaff - Petit Gymnase, Paris;PETIT THEATRE DU GYMNASE;38, bld Bonne Nouvelle 75010 PARIS;billetreduc, fnac, ticketmaster;https://www.awin1.com/pclick.php?p=45934404994&a=3071471&m=20796 | https://www.awin1.com/pclick.php?p=46063575986&a=3071471&m=12494 | https://www.ticketmaster.fr/fr/manifestation/a-queen-is-born-billet/idmanif/672144/idseance/4413583;
21:00;Youness Hanifi - 7 Vies - Petit Gymnase, Paris;PETIT THEATRE DU GYMNASE;38, bld Bonne Nouvelle 75010 PARIS;fnac;https://www.awin1.com/pclick.php?p=45015020954&a=3071471&m=12494;
;La Philharmonie des enfants;Philharmonie de Paris;221 Av. Jean Jaurès 75019 Paris;paris_qfap;https://www.paris.fr/evenements/philharmonie-des-enfants-110700;
10:00;Hassan Hajjaj + Acid Arab. My Rock Stars;Philharmonie de Paris;221 Av. Jean Jaurès 75019 Paris;paris_qfap;https://www.paris.fr/evenements/hassan-hajjaj-acid-arab-my-rock-stars-117980;
10:00;Musée de la musique - Collection permanente;Philharmonie de Paris;221 Av. Jean Jaurès 75019 Paris;paris_qfap;https://www.paris.fr/evenements/musee-de-la-musique-collection-permanente-112910;
13:00;Jeu de piste en autonomie : Le tableau perdu dans la Nouvelle Athènes;Place Saint Georges ;Place Saint Georges 75009 Paris;billetreduc;https://www.awin1.com/pclick.php?p=33937176313&a=3071471&m=20796;
15:00;Jeu de piste en autonomie : Le tableau perdu dans la Nouvelle Athènes;Place Saint Georges ;Place Saint Georges 75009 Paris;billetreduc;https://www.awin1.com/pclick.php?p=33937176313&a=3071471&m=20796;
19:00;Bouvard et Pécuchet - Théâtre de Poche Montparnasse, Paris;POCHE MONTPARNASSE PTE SALLE;75, bd du Montparnasse 75006 PARIS;billetreduc, fnac;https://www.awin1.com/pclick.php?p=45239578527&a=3071471&m=20796 | https://www.awin1.com/pclick.php?p=45859821129&a=3071471&m=12494;
21:00;Sand Chopin - Théâtre de Poche Montparnasse, Paris;POCHE MONTPARNASSE PTE SALLE;75, bd du Montparnasse 75006 PARIS;billetreduc, fnac;https://www.awin1.com/pclick.php?p=45239578528&a=3071471&m=20796 | https://www.awin1.com/pclick.php?p=45859821026&a=3071471&m=12494;
;Kiosque en Fête à la promenade Pereire - Ternes Maillot;Promenade Pereire;boulevard Pereire 75017 Paris;paris_qfap;https://www.paris.fr/evenements/kiosque-en-fete-a-la-promenade-pereire-ternes-maillot-108637 | https://www.paris.fr/evenements/kiosque-en-fete-a-la-promenade-pereire-therese-pierre-108635;
;Kiosque en fête sur la Promenade Pereire - Gilberte Brossolette;Promenade Pereire - Gilberte Brossolette;Bd Pereire,  Paris 75017 Paris;paris_qfap;https://www.paris.fr/evenements/kiosque-en-fete-sur-la-promenade-pereire-gilberte-brossolette-86986;
16:30;Red Comedy Club;Red Comedy Club;48 rue Basfroi 75011 Paris;billetreduc;https://www.awin1.com/pclick.php?p=40707231410&a=3071471&m=20796;
18:00;Red Comedy Club;Red Comedy Club;48 rue Basfroi 75011 Paris;billetreduc;https://www.awin1.com/pclick.php?p=40707231410&a=3071471&m=20796;
19:30;Red Comedy Club;Red Comedy Club;48 rue Basfroi 75011 Paris;billetreduc;https://www.awin1.com/pclick.php?p=40707231410&a=3071471&m=20796;
21:00;Red Comedy Club;Red Comedy Club;48 rue Basfroi 75011 Paris;billetreduc;https://www.awin1.com/pclick.php?p=40707231410&a=3071471&m=20796;
22:30;Red Comedy Club;Red Comedy Club;48 rue Basfroi 75011 Paris;billetreduc;https://www.awin1.com/pclick.php?p=40707231410&a=3071471&m=20796;
15:00;Françaix - Mozart;Salle Cortot;78 rue Cardinet 75017 PARIS;fnac;https://www.awin1.com/pclick.php?p=45859817033&a=3071471&m=12494;
15:00;MOZART | FRANÇAIX - D’UNE PROFONDE LÉGÈRETÉ;Salle Cortot;78 rue Cardinet 75017 Paris;paris_qfap;https://www.paris.fr/evenements/mozart-francaix-d-une-profonde-legerete-123499;
20:30;E. Bertrand - P. Amoyel et Le Quatuor Parisii;Salle Cortot;78 rue Cardinet 75017 PARIS;billetreduc, fnac;https://www.awin1.com/pclick.php?p=45369001502&a=3071471&m=20796 | https://www.awin1.com/pclick.php?p=45859811001&a=3071471&m=12494;
17:00;Mme Sarfati Comedy Club - Salle Madame Sarfati, Paris;SALLE MADAME SARFATI;49, rue Berger 75001 PARIS;fnac;https://www.awin1.com/pclick.php?p=45876850968&a=3071471&m=12494;
22:45;Mme Sarfati Comedy Club - Salle Madame Sarfati, Paris;SALLE MADAME SARFATI;49, rue Berger 75001 PARIS;fnac;https://www.awin1.com/pclick.php?p=45876850969&a=3071471&m=12494;
20:00;Naâman - La Vie Est un Cadeau;SALLE PLEYEL;252, RUE DU FG ST-HONORÉ 75008 PARIS;fnac;https://www.awin1.com/pclick.php?p=44964537957&a=3071471&m=12494;
20:00;TRIBUTE TO NAÂMAN;SALLE PLEYEL;252 RUE FAUBOURG SAINT HONORE Paris;ticketmaster;https://www.ticketmaster.fr/fr/manifestation/tribute-to-naaman-billet/idmanif/661965/idtier/18864121;
20:00;Sébastopol Comedy Club;Sebastopol Comedy Club;123 Boulevard de Sébastopol 75002 Paris;billetreduc;https://www.awin1.com/pclick.php?p=46144204890&a=3071471&m=20796;
20:30;Dîner-spectacle : Secret Square;Secret Square;27 avenue des Ternes 75017 Paris;billetreduc;https://www.awin1.com/pclick.php?p=44438188210&a=3071471&m=20796;
22:00;Spectacle Effeuillage;Secret Square;27 avenue des Ternes 75017 Paris;billetreduc;https://www.awin1.com/pclick.php?p=44438188209&a=3071471&m=20796;
;3 raisons d’applaudir « La Cage aux folles », à la Seine Musicale;Seine Musicale;Île Seguin 92100 Boulogne-Billancourt;paris_qfap;https://www.paris.fr/evenements/3-raisons-d-applaudir-la-cage-aux-folles-au-theatre-du-chatelet-102406;
19:00;Snatch Comedy Club;Snatch Comedy Club;8 avenue de la Porte de Montreuil 75020 Paris;billetreduc;https://www.awin1.com/pclick.php?p=43853858632&a=3071471&m=20796;
;Kiosque en Fête au square d'Anvers - Jean-Claude Carrière;Square d'Anvers - Jean-Claude Carrière;10 bis avenue Trudaine 75009 Paris;paris_qfap;https://www.paris.fr/evenements/kiosque-en-fete-au-square-d-anvers-jean-claude-carriere-108553;
;Kiosque en fête au square des Epinettes;Square des Epinettes;9 rue Maria Deraismes 75017 Paris;paris_qfap;https://www.paris.fr/evenements/kiosque-en-fete-a-l-auditorium-du-square-severine-86893 | https://www.paris.fr/evenements/kiosque-en-fete-au-parc-sainte-perine-108633 | https://www.paris.fr/evenements/kiosque-en-fete-au-square-carpeaux-108638 | https://www.paris.fr/evenements/kiosque-en-fete-au-square-courteline-108569 | https://www.paris.fr/evenements/kiosque-en-fete-au-square-des-epinettes-86981 | https://www.paris.fr/evenements/kiosque-en-fete-au-square-franck-bauer-108629 | https://www.paris.fr/evenements/kiosque-en-fete-au-square-jean-cherioux-87028 | https://www.paris.fr/evenements/kiosque-en-fete-au-square-jean-morin-108570 | https://www.paris.fr/evenements/kiosque-en-fete-au-square-necker-87013 | https://www.paris.fr/evenements/kiosque-en-fete-au-square-trousseau-108572;
;Kiosque en Fête au square Dominique Bernard (ex Jules Ferry);Square Dominique Bernard;1 boulevard Jules-Ferry 75011 Paris;paris_qfap;https://www.paris.fr/evenements/kiosque-en-fete-au-square-dominique-bernard-ex-jules-ferry-108565;
;Kiosque en Fête au square du Cardinal Wyszynski;Square du Cardinal-Wyszynski;54, rue Vercingétorix 75014 Paris;paris_qfap;https://www.paris.fr/evenements/kiosque-en-fete-au-square-du-cardinal-wyszynski-108621;
;Kiosque en Fête au square du Temple - Elie Wiesel;Square du Temple - Elie Wiesel;64, rue de Bretagne 75003 Paris;paris_qfap;https://www.paris.fr/evenements/kiosque-en-fete-au-square-du-temple-elie-wiesel-108548;
;Kiosque en Fête au Square Edouard Vaillant;Square Edouard Vaillant;50, avenue Gambetta 75020 Paris;paris_qfap;https://www.paris.fr/evenements/kiosque-en-fete-au-square-edouard-vaillant-86861;
;Kiosque en Fête au square Maurice Gardette;Square Maurice Gardette;2 rue du Général-Blaise 75011 Paris;paris_qfap;https://www.paris.fr/evenements/kiosque-en-fete-au-square-maurice-gardette-108560;
;Kiosque en Fête au square Maurice Kriegel-Valrimont;Square Maurice Kriegel-Valrimont;1 square de Clignancourt 75018 Paris;paris_qfap;https://www.paris.fr/evenements/kiosque-en-fete-au-square-maurice-kriegel-valrimont-86961;
;Kiosque en fête au Square Monseigneur Maillet;Square Monseigneur Maillet;Place des Fêtes 75019 Paris;paris_qfap;https://www.paris.fr/evenements/kiosque-en-fete-au-square-monseigneur-maillet-86949;
14:30;Les Visites-Spectacles : L'Éternel Esprit de Montmartre;Square Nadar;Square nadar 75018 Paris;billetreduc;https://www.awin1.com/pclick.php?p=27589239675&a=3071471&m=20796;
;Kiosque en Fête au square Sarah Bernhardt;Square Sarah Bernhardt;2 rue de Buzenval 75020 Paris;paris_qfap;https://www.paris.fr/evenements/kiosque-en-fete-a-l-auditorium-du-square-sarah-bernhardt-86903;
;Kiosque en Fête au Square Serge Reggiani;Square Serge Reggiani;place de Bitche 75019 Paris;paris_qfap;https://www.paris.fr/evenements/kiosque-en-fete-au-square-serge-reggiani-86945;
;Kiosque en Fête au square Yvette-Chauviré;Square Yvette Chauviré;18, place du Commerce 75015 Paris;paris_qfap;https://www.paris.fr/evenements/kiosque-en-fete-au-square-yvette-chauvire-108623;
;Viens faire de la comédie musicale à Paris !;Studio Bleu;Rue de l'Échiquier 75010 Paris;paris_qfap;https://www.paris.fr/evenements/viens-faire-de-la-comedie-musicale-a-paris-115291;
;Recrutement staff & équipe artistique – Comédie musicale à Paris (2026/2027);Studio Bleu;10, rue de l'Echiquier 75010 Paris;paris_qfap;https://www.paris.fr/evenements/recrutement-staff-equipe-artistique-comedie-musicale-a-paris-2026-2027-111233;
14:30;La Liseuse du 6h27 - Studio Hébertot, Paris;STUDIO HEBERTOT;78 BIS BD DES BATIGNOLLES 75017 PARIS;billetreduc, fnac;https://www.awin1.com/pclick.php?p=45408143054&a=3071471&m=20796 | https://www.awin1.com/pclick.php?p=45859818514&a=3071471&m=12494;
16:30;Le Choeur des Femmes - Studio Hébertot, Paris;STUDIO HEBERTOT;78 BIS BD DES BATIGNOLLES 75017 PARIS;billetreduc, fnac;https://www.awin1.com/pclick.php?p=45373323230&a=3071471&m=20796 | https://www.awin1.com/pclick.php?p=45859817568&a=3071471&m=12494;
19:00;Filiation - Studio Hébertot, Paris;STUDIO HEBERTOT;78 BIS BD DES BATIGNOLLES 75017 PARIS;billetreduc, fnac;https://www.awin1.com/pclick.php?p=45369001487&a=3071471&m=20796 | https://www.awin1.com/pclick.php?p=46077780570&a=3071471&m=12494;
21:00;Pierrefayes - Studio Hébertot, Paris;STUDIO HEBERTOT;78 BIS BD DES BATIGNOLLES 75017 PARIS;billetreduc, fnac;https://www.awin1.com/pclick.php?p=45387073756&a=3071471&m=20796 | https://www.awin1.com/pclick.php?p=45859817615&a=3071471&m=12494;
19:00;Lettre d'une Inconnue;Studio Marais - Salle Mondétour;14 rue Mondétour 75001 Paris;billetreduc;https://www.awin1.com/pclick.php?p=46063666395&a=3071471&m=20796;
19:00;Fanou Torracinta & Hugo Guezbar;STUDIO RASPAIL;216 BD RASPAIL 75014 PARIS;fnac;https://www.awin1.com/pclick.php?p=45859818596&a=3071471&m=12494;
21:00;Angelo Debarre + Adrien Moignard + William Brunard - Django Celebration 3;STUDIO RASPAIL;216 BD RASPAIL 75014 PARIS;fnac;https://www.awin1.com/pclick.php?p=45859820316&a=3071471&m=12494;
20:30;Jacques Schwarz-Bart - Resistance;SUNSET;60, RUE DES LOMBARDS 75001 PARIS;fnac;https://www.awin1.com/pclick.php?p=45859819080&a=3071471&m=12494;
19:00;Les Pionniers de la Chanson Française;SUNSIDE;60, RUE DES LOMBARDS 75001 PARIS;fnac;https://www.awin1.com/pclick.php?p=45859814782&a=3071471&m=12494;
21:30;Sofie Sörman Quartet;SUNSIDE;60, RUE DES LOMBARDS 75001 PARIS;fnac;https://www.awin1.com/pclick.php?p=45876852217&a=3071471&m=12494;
19:00;Club Brat;SUPERSONIC;9 Rue Biscornet 75012 Paris;paris_qfap;https://www.paris.fr/evenements/club-brat-114865;
20:00;Dutch Criminal Record + Hotel Mira en concert (côté Records);Supersonic Records;9 Rue Biscornet 75012 Paris;paris_qfap;https://www.paris.fr/evenements/dutch-criminal-record-hotel-mira-en-concert-cote-records-114356;
18:30;Les Songes du Soir;Sweet Paradise;12 rue Marie Stuart 75002 PARIS;fnac;https://www.awin1.com/pclick.php?p=45950508425&a=3071471&m=12494;
20:30;Les 7 Perversions;Sweet Paradise;12 rue Marie Stuart 75002 Paris;billetreduc;https://www.awin1.com/pclick.php?p=45950056727&a=3071471&m=20796;
22:15;Les songes de la nuit;Sweet Paradise;12 rue Marie Stuart 75002 Paris;billetreduc;https://www.awin1.com/pclick.php?p=35639426723&a=3071471&m=20796;
19:00;Vive les mariés !;Tesoro d'Italia;41 Rue de paradis 75010 Paris;billetreduc;https://www.awin1.com/pclick.php?p=36573788641&a=3071471&m=20796;
19:30;Badke (Remix) - Théâtre du Rond-Point, Paris;TH.ROND-POINT SALLE RENAUD BARRAULT;2b Av. Franklin Roosevelt 75008 PARIS;billetreduc, fnac, ticketmaster;https://www.awin1.com/pclick.php?p=45027023246&a=3071471&m=20796 | https://www.awin1.com/pclick.php?p=45040265838&a=3071471&m=20796 | https://www.awin1.com/pclick.php?p=45051142510&a=3071471&m=12494 | https://www.awin1.com/pclick.php?p=45051142524&a=3071471&m=12494 | https://www.ticketmaster.fr/fr/manifestation/badke-remix-billet/idmanif/660001/idtier/18864121 | https://www.ticketmaster.fr/fr/manifestation/l-age-tendre-billet/idmanif/660061/idtier/18864121;
15:00;Open Mic - The Joke Comedy Club, Paris;The Joke Comedy Club;37 rue Quincampoix 75004 PARIS;billetreduc, fnac;https://www.awin1.com/pclick.php?p=32487514633&a=3071471&m=20796 | https://www.awin1.com/pclick.php?p=42289759049&a=3071471&m=20796 | https://www.awin1.com/pclick.php?p=46145755736&a=3071471&m=12494;
16:15;The Joke Factory - The Joke Comedy Club, Paris;The Joke Comedy Club;37 rue Quincampoix 75004 PARIS;billetreduc, fnac;https://www.awin1.com/pclick.php?p=32487514633&a=3071471&m=20796 | https://www.awin1.com/pclick.php?p=42765389414&a=3071471&m=20796 | https://www.awin1.com/pclick.php?p=46145764260&a=3071471&m=12494;
17:30;The Joke Factory - The Joke Comedy Club, Paris;The Joke Comedy Club;37 rue Quincampoix 75004 PARIS;billetreduc, fnac;https://www.awin1.com/pclick.php?p=32487514633&a=3071471&m=20796 | https://www.awin1.com/pclick.php?p=42765389414&a=3071471&m=20796 | https://www.awin1.com/pclick.php?p=46145764292&a=3071471&m=12494;
19:00;Best Of - The Joke Comedy Club, Paris;The Joke Comedy Club;37 rue Quincampoix 75004 PARIS;billetreduc, fnac;https://www.awin1.com/pclick.php?p=32487514633&a=3071471&m=20796 | https://www.awin1.com/pclick.php?p=42852482028&a=3071471&m=20796 | https://www.awin1.com/pclick.php?p=46145755876&a=3071471&m=12494;
20:15;Best Of - The Joke Comedy Club, Paris;The Joke Comedy Club;37 rue Quincampoix 75004 PARIS;billetreduc, fnac;https://www.awin1.com/pclick.php?p=32487514633&a=3071471&m=20796 | https://www.awin1.com/pclick.php?p=42852482028&a=3071471&m=20796 | https://www.awin1.com/pclick.php?p=46145755884&a=3071471&m=12494;
21:30;Best Of - The Joke Comedy Club, Paris;The Joke Comedy Club;37 rue Quincampoix 75004 PARIS;billetreduc, fnac;https://www.awin1.com/pclick.php?p=32487514633&a=3071471&m=20796 | https://www.awin1.com/pclick.php?p=42852482028&a=3071471&m=20796 | https://www.awin1.com/pclick.php?p=46145755891&a=3071471&m=12494;
22:45;Dirty Comedy - The Joke Comedy Club, Paris;The Joke Comedy Club;37 rue Quincampoix 75004 PARIS;billetreduc, fnac;https://www.awin1.com/pclick.php?p=32487514633&a=3071471&m=20796 | https://www.awin1.com/pclick.php?p=42289759047&a=3071471&m=20796 | https://www.awin1.com/pclick.php?p=46145764248&a=3071471&m=12494;
21:00;THE WORLD OF BANKSY;THE WORLD OF BANKSY - PARIS;44, RUE DU FAUBOURG MONTMARTRE Paris;ticketmaster;https://www.ticketmaster.fr/fr/manifestation/the-world-of-banksy-billet/idmanif/466221/idseance/4168468;
19:15;EMY;THEATRE DE DIX HEURES;36 bld de Clichy Paris;ticketmaster;https://www.ticketmaster.fr/fr/manifestation/emy-billet/idmanif/653380/idseance/4298674;
21:00;Ubu Roi - Théâtre de Paris, Paris;THEATRE DE PARIS - GRANDE SALLE;15, rue Blanche 75009 PARIS;billetreduc, fnac, ticketmaster;https://www.awin1.com/pclick.php?p=44928364177&a=3071471&m=20796 | https://www.awin1.com/pclick.php?p=45017555109&a=3071471&m=12494 | https://www.ticketmaster.fr/fr/manifestation/ubu-roi-billet/idmanif/662407/idtier/18864121;
15:30;Déni - Théâtre de Paris - Salle Réjane, Paris;THEATRE DE PARIS - SALLE REJANE;15, rue Blanche 75009 PARIS;fnac;https://www.awin1.com/pclick.php?p=45017554987&a=3071471&m=12494;
15:30;DÉNI;THEATRE DE PARIS - SALLE REJANE;15 RUE BLANCHE Paris;ticketmaster;https://www.ticketmaster.fr/fr/manifestation/deni-billet/idmanif/661587/idtier/18864121;
19:00;La Joie - Salle Réjane - Théâtre de Paris, Paris;THEATRE DE PARIS - SALLE REJANE;15, rue Blanche 75009 PARIS;fnac;https://www.awin1.com/pclick.php?p=44788199858&a=3071471&m=12494;
21:00;Déni - Théâtre de Paris - Salle Réjane, Paris;THEATRE DE PARIS - SALLE REJANE;15, rue Blanche 75009 PARIS;fnac;https://www.awin1.com/pclick.php?p=45017554988&a=3071471&m=12494;
21:00;DÉNI;THEATRE DE PARIS - SALLE REJANE;15 RUE BLANCHE Paris;ticketmaster;https://www.ticketmaster.fr/fr/manifestation/deni-billet/idmanif/661587/idtier/18864121;
17:00;Un Pur Chef d'Oeuvre - Théâtre de Passy, Paris;THEATRE DE PASSY;95 rue de Passy 75016 PARIS;billetreduc, fnac;https://www.awin1.com/pclick.php?p=44635898803&a=3071471&m=20796 | https://www.awin1.com/pclick.php?p=44914343012&a=3071471&m=12494;
21:00;Le Voleur de Mots - Théâtre de Passy, Paris;THEATRE DE PASSY;95 rue de Passy 75016 PARIS;billetreduc, fnac;https://www.awin1.com/pclick.php?p=45565439813&a=3071471&m=20796 | https://www.awin1.com/pclick.php?p=45859824818&a=3071471&m=12494;
14:00;Potted Potter - Harry Potter en Un Eclair ! - Théâtre du Gymnase Marie Bell, Paris;THEATRE DU GYMNASE;38, bld Bonne Nouvelle 75010 PARIS;billetreduc, fnac, ticketmaster;https://www.awin1.com/pclick.php?p=45179630674&a=3071471&m=12494 | https://www.awin1.com/pclick.php?p=45276417807&a=3071471&m=20796 | https://www.ticketmaster.fr/fr/manifestation/potted-potter-billet/idmanif/666024/idseance/4375009;
16:00;Le Discours d’un Roi - Théâtre du Gymnase, Paris;THEATRE DU GYMNASE;38, bld Bonne Nouvelle 75010 PARIS;billetreduc, fnac, paris_qfap, ticketmaster;https://www.awin1.com/pclick.php?p=44989013619&a=3071471&m=12494 | https://www.awin1.com/pclick.php?p=44989013620&a=3071471&m=12494 | https://www.awin1.com/pclick.php?p=45142394172&a=3071471&m=20796 | https://www.paris.fr/evenements/le-discours-d-un-roi-123828 | https://www.ticketmaster.fr/fr/manifestation/le-discours-d-un-roi-billet/idmanif/663135/idtier/18864121;
19:00;Le Fantôme de l'Opéra - Théâtre du Gymnase Marie Bell, Paris;THEATRE DU GYMNASE;38, bld Bonne Nouvelle 75010 PARIS;billetreduc, fnac, ticketmaster;https://www.awin1.com/pclick.php?p=44372407995&a=3071471&m=12494 | https://www.awin1.com/pclick.php?p=44642836522&a=3071471&m=20796 | https://www.ticketmaster.fr/fr/manifestation/le-fantome-de-l-opera-billet/idmanif/655085/idseance/4308146;
18:00;Histoires d'Amour Improvisées - Théâtre du Marais, Paris;THEATRE DU MARAIS;37, RUE VOLTA 75003 PARIS;billetreduc, fnac, ticketmaster;https://www.awin1.com/pclick.php?p=43442339514&a=3071471&m=20796 | https://www.awin1.com/pclick.php?p=45891738379&a=3071471&m=12494 | https://www.ticketmaster.fr/fr/manifestation/histoires-d-amour-improvisees-billet/idmanif/645083/idseance/4406698;
19:30;ANTEK - Fripon - Théâtre du Marais, Paris;THEATRE DU MARAIS;37, RUE VOLTA 75003 PARIS;billetreduc, fnac, ticketmaster;https://www.awin1.com/pclick.php?p=43765526984&a=3071471&m=20796 | https://www.awin1.com/pclick.php?p=43786555084&a=3071471&m=12494 | https://www.ticketmaster.fr/fr/manifestation/antek-billet/idmanif/648081/idtier/18864121;
21:00;Incident Voyageur - Théâtre du Marais, Paris;THEATRE DU MARAIS;37, RUE VOLTA 75003 PARIS;billetreduc, fnac, ticketmaster;https://www.awin1.com/pclick.php?p=43878141252&a=3071471&m=20796 | https://www.awin1.com/pclick.php?p=45859817753&a=3071471&m=12494 | https://www.ticketmaster.fr/fr/manifestation/incident-voyageur-billet/idmanif/649867/idtier/18864121;
16:15;Le Médecin Malgré Lui - Théâtre du Nord-Ouest, Paris;THEATRE DU NORD-OUEST;13 rue du Fbg Montmartre 75009 PARIS;billetreduc, fnac;https://www.awin1.com/pclick.php?p=38133606171&a=3071471&m=20796 | https://www.awin1.com/pclick.php?p=45188125787&a=3071471&m=12494;
18:45;L'Ile des Esclaves - Théâtre du Nord Ouest, Paris;THEATRE DU NORD-OUEST;13 rue du Fbg Montmartre 75009 PARIS;billetreduc, fnac;https://www.awin1.com/pclick.php?p=41622498820&a=3071471&m=20796 | https://www.awin1.com/pclick.php?p=45170117388&a=3071471&m=12494;
18:45;Il Faut qu'une Porte Soit Ouverte ou Fermée - Théâtre du Nord-Ouest, Paris;THEATRE DU NORD-OUEST;13 rue du Fbg Montmartre 75009 PARIS;billetreduc, fnac;https://www.awin1.com/pclick.php?p=44242394370&a=3071471&m=20796 | https://www.awin1.com/pclick.php?p=45173694091&a=3071471&m=12494;
20:30;Le Triomphe de l'Amour - Théâtre du Nord-Ouest, Paris;THEATRE DU NORD-OUEST;13 rue du Fbg Montmartre 75009 PARIS;billetreduc, fnac;https://www.awin1.com/pclick.php?p=35615346124&a=3071471&m=20796 | https://www.awin1.com/pclick.php?p=45202674684&a=3071471&m=12494;
20:30;Léonie Est en Avance - Théâtre du Nord-Ouest - Paris;THEATRE DU NORD-OUEST;13 rue du Fbg Montmartre 75009 PARIS;billetreduc, fnac;https://www.awin1.com/pclick.php?p=44242394365&a=3071471&m=20796 | https://www.awin1.com/pclick.php?p=45202674772&a=3071471&m=12494;
15:00;Le Guide du Parfait Gentleman Assassin - Théâtre du Palais-Royal, Paris;THEATRE DU PALAIS;38, rue de Montpensier 75001 PARIS;billetreduc, fnac, ticketmaster;https://www.awin1.com/pclick.php?p=44437822296&a=3071471&m=12494 | https://www.awin1.com/pclick.php?p=44668303426&a=3071471&m=20796 | https://www.ticketmaster.fr/fr/manifestation/le-guide-du-parfait-gentleman-assassin-billet/idmanif/658333/idseance/4326792;
18:00;Edmond - Théâtre du Palais Royal, Paris;THEATRE DU PALAIS;38, rue de Montpensier 75001 PARIS;billetreduc, fnac, ticketmaster;https://www.awin1.com/pclick.php?p=30021921517&a=3071471&m=20796 | https://www.awin1.com/pclick.php?p=45121229631&a=3071471&m=12494 | https://www.ticketmaster.fr/fr/manifestation/edmond-billet/idmanif/665223/idseance/4368551;
21:00;Le Guide du Parfait Gentleman Assassin - Théâtre du Palais-Royal, Paris;THEATRE DU PALAIS;38, rue de Montpensier 75001 PARIS;billetreduc, fnac, ticketmaster;https://www.awin1.com/pclick.php?p=44437822297&a=3071471&m=12494 | https://www.awin1.com/pclick.php?p=44668303426&a=3071471&m=20796 | https://www.ticketmaster.fr/fr/manifestation/le-guide-du-parfait-gentleman-assassin-billet/idmanif/658333/idseance/4326793;
19:00;Mes Battements - Théâtre du Petit Saint-Martin, Paris;THEATRE DU PETIT SAINT MARTIN;17 RUE RENÉ BOULANGER 75010 PARIS;billetreduc, fnac, ticketmaster;https://www.awin1.com/pclick.php?p=43569323313&a=3071471&m=20796 | https://www.awin1.com/pclick.php?p=45988903810&a=3071471&m=12494 | https://www.ticketmaster.fr/fr/manifestation/mes-battements-billet/idmanif/646431/idseance/4425590;
21:00;Article 353 du Code Pénal - Théâtre du Petit Saint-Martin, Paris;THEATRE DU PETIT SAINT MARTIN;17 RUE RENÉ BOULANGER 75010 PARIS;billetreduc, fnac, ticketmaster;https://www.awin1.com/pclick.php?p=44021145251&a=3071471&m=20796 | https://www.awin1.com/pclick.php?p=44049352148&a=3071471&m=12494 | https://www.ticketmaster.fr/fr/manifestation/article-353-du-code-penal-billet/idmanif/651284/idseance/4283571;
16:30;Les Marchands d'Etoiles - Théâtre du Splendid, Paris;THEATRE DU SPLENDID;48, RUE DU FBG ST MARTIN 75010 PARIS;billetreduc, fnac, ticketmaster;https://www.awin1.com/pclick.php?p=43841104184&a=3071471&m=20796 | https://www.awin1.com/pclick.php?p=44903602368&a=3071471&m=12494 | https://www.ticketmaster.fr/fr/manifestation/les-marchands-d-etoiles-billet/idmanif/588908/idseance/4342568;
19:00;Les Marchands d'Etoiles - Théâtre du Splendid, Paris;THEATRE DU SPLENDID;48, RUE DU FBG ST MARTIN 75010 PARIS;billetreduc, fnac, ticketmaster;https://www.awin1.com/pclick.php?p=43841104184&a=3071471&m=20796 | https://www.awin1.com/pclick.php?p=44903602369&a=3071471&m=12494 | https://www.ticketmaster.fr/fr/manifestation/les-marchands-d-etoiles-billet/idmanif/588908/idseance/4342569;
21:00;Le Procès d'une Vie - Le Splendid, Paris;THEATRE DU SPLENDID;48, RUE DU FBG ST MARTIN 75010 PARIS;billetreduc, fnac, paris_qfap, ticketmaster;https://www.awin1.com/pclick.php?p=43842724829&a=3071471&m=20796 | https://www.awin1.com/pclick.php?p=44870169628&a=3071471&m=12494 | https://www.paris.fr/evenements/le-proces-d-une-vie-au-splendid-116952 | https://www.ticketmaster.fr/fr/manifestation/le-proces-d-une-vie-billet/idmanif/642049/idseance/4342662;
15:00;Tout Molière ou Presque ! - Théâtre Edgar, Paris;THEATRE EDGAR;58, boulevard Edgar-Quinet 75014 PARIS;billetreduc, fnac, ticketmaster;https://www.awin1.com/pclick.php?p=39892225764&a=3071471&m=20796 | https://www.awin1.com/pclick.php?p=45121231056&a=3071471&m=12494 | https://www.ticketmaster.fr/fr/manifestation/tout-moliere-ou-presque-billet/idmanif/609871/idtier/18864121;
17:00;Mon Meilleur Témoin - Theatre Edgar, Paris;THEATRE EDGAR;58, boulevard Edgar-Quinet 75014 PARIS;billetreduc, fnac, ticketmaster;https://www.awin1.com/pclick.php?p=45408143038&a=3071471&m=20796 | https://www.awin1.com/pclick.php?p=45859816304&a=3071471&m=12494 | https://www.ticketmaster.fr/fr/manifestation/mon-meilleur-temoin-billet/idmanif/669702/idseance/4393057;
21:00;Braquage en Cours - Theatre Edgar, Paris;THEATRE EDGAR;58, boulevard Edgar-Quinet 75014 PARIS;billetreduc, fnac, ticketmaster;https://www.awin1.com/pclick.php?p=45015168041&a=3071471&m=20796 | https://www.awin1.com/pclick.php?p=45914831937&a=3071471&m=12494 | https://www.ticketmaster.fr/fr/manifestation/braquage-en-cours-billet/idmanif/663838/idseance/4422329;
20:00;LE PÈRE;THEATRE EDOUARD VII;10 PLACE EDOUARD VII Paris;ticketmaster;https://www.ticketmaster.fr/fr/manifestation/le-pere-billet/idmanif/658444/idseance/4327198;
19:00;Edouard Deloignon Grandira Plus Tard - Théâtre Fontaine, Paris;THEATRE FONTAINE;10 RUE PIERRE FONTAINE 75009 PARIS;billetreduc, fnac, ticketmaster;https://www.awin1.com/pclick.php?p=44557759597&a=3071471&m=12494 | https://www.awin1.com/pclick.php?p=45387073711&a=3071471&m=20796 | https://www.ticketmaster.fr/fr/manifestation/edouard-deloignon-billet/idmanif/657391/idtier/18864121;
21:00;2:22 - A Ghost Story - Théâtre Fontaine, Paris;THEATRE FONTAINE;10 RUE PIERRE FONTAINE 75009 PARIS;billetreduc, fnac, paris_qfap;https://www.awin1.com/pclick.php?p=44939873928&a=3071471&m=12494 | https://www.awin1.com/pclick.php?p=44942413396&a=3071471&m=12494 | https://www.awin1.com/pclick.php?p=44963857343&a=3071471&m=20796 | https://www.paris.fr/evenements/2-22-a-ghost-story-123783;
16:00;Les Misérables - Théâtre Hébertot, Paris;THEATRE HEBERTOT;78 bis, bd des Batignolles 75017 PARIS;billetreduc, fnac, ticketmaster;https://www.awin1.com/pclick.php?p=42712610428&a=3071471&m=20796 | https://www.awin1.com/pclick.php?p=44919381284&a=3071471&m=12494 | https://www.ticketmaster.fr/fr/manifestation/les-miserables-billet/idmanif/661269/idtier/18864121;
19:00;Le Cid Pète un Câble - Théâtre Hebertot, Paris;THEATRE HEBERTOT;78 bis, bd des Batignolles 75017 PARIS;billetreduc, fnac, ticketmaster;https://www.awin1.com/pclick.php?p=44635898804&a=3071471&m=20796 | https://www.awin1.com/pclick.php?p=44675238827&a=3071471&m=12494 | https://www.ticketmaster.fr/fr/manifestation/le-cid-pete-un-cable-billet/idmanif/658317/idseance/4326821;
21:00;Diplomatie - Théâtre Hebertot, Paris;THEATRE HEBERTOT;78 bis, bd des Batignolles 75017 PARIS;billetreduc, fnac, ticketmaster;https://www.awin1.com/pclick.php?p=44747391322&a=3071471&m=20796 | https://www.awin1.com/pclick.php?p=44788199947&a=3071471&m=12494 | https://www.ticketmaster.fr/fr/manifestation/diplomatie-billet/idmanif/659618/idseance/4339890;
14:00;Max et la Pyramide Magique - Théâtre la Boussole, Paris;THEATRE LA BOUSSOLE;29 rue de Dunkerque 75010 PARIS;billetreduc, fnac;https://www.awin1.com/pclick.php?p=42136036940&a=3071471&m=20796 | https://www.awin1.com/pclick.php?p=45859811088&a=3071471&m=12494;
10:30;L'Arc-en-Ciel des Emotions - Théâtre la Boussole, Paris;THEATRE LA BOUSSOLE petite salle;29 rue de Dunkerque 75010 PARIS;billetreduc, fnac, ticketmaster;https://www.awin1.com/pclick.php?p=45408142931&a=3071471&m=20796 | https://www.awin1.com/pclick.php?p=45859814771&a=3071471&m=12494 | https://www.ticketmaster.fr/fr/manifestation/l-arc-en-ciel-des-emotions-billet/idmanif/669731/idseance/4393280;
14:15;Mes Petits Classiques - Théâtre La Boussole, Paris;THEATRE LA BOUSSOLE petite salle;29 rue de Dunkerque 75010 PARIS;billetreduc, fnac;https://www.awin1.com/pclick.php?p=34505894617&a=3071471&m=20796 | https://www.awin1.com/pclick.php?p=45859811120&a=3071471&m=12494;
16:00;Un Soupçon d'Amitié - Théâtre Actuel - La Bruyère, Paris;THEATRE LA BRUYERE;5, RUE LA BRUYÈRE 75009 PARIS;billetreduc, fnac, ticketmaster;https://www.awin1.com/pclick.php?p=44242394361&a=3071471&m=20796 | https://www.awin1.com/pclick.php?p=44301316004&a=3071471&m=12494 | https://www.ticketmaster.fr/fr/manifestation/un-soupcon-d-amitie-billet/idmanif/653790/idseance/4303585;
18:30;Oublie-moi - Théâtre La Bruyère, Paris;THEATRE LA BRUYERE;5, RUE LA BRUYÈRE 75009 PARIS;billetreduc, fnac, ticketmaster;https://www.awin1.com/pclick.php?p=44706239632&a=3071471&m=20796 | https://www.awin1.com/pclick.php?p=44882734462&a=3071471&m=12494 | https://www.ticketmaster.fr/fr/manifestation/oublie-moi-billet/idmanif/659556/idseance/4339587;
21:00;Le Manuel de la Jeune Mariée 1957 - Théâtre Actuel - La Bruyère, Paris;THEATRE LA BRUYERE;5, RUE LA BRUYÈRE 75009 PARIS;billetreduc, fnac, ticketmaster;https://www.awin1.com/pclick.php?p=44375513896&a=3071471&m=20796 | https://www.awin1.com/pclick.php?p=44436070160&a=3071471&m=12494 | https://www.ticketmaster.fr/fr/manifestation/le-manuel-de-la-jeune-mariee-1957-billet/idmanif/653788/idseance/4309887;
11:00;Betty Oeil de Lynx et le Mystère de la Rivière - Théâtre Le Bourvil, Paris;THEATRE LE BOURVIL;13 RUE DES BOULETS 75011 PARIS;fnac, ticketmaster;https://www.awin1.com/pclick.php?p=46027263414&a=3071471&m=12494 | https://www.ticketmaster.fr/fr/manifestation/betty-oeil-de-lynx-billet/idmanif/671710/idseance/4410330;
17:30;Comment Reconnaitre un Con... - Théâtre Le Bourvil, Paris;THEATRE LE BOURVIL;13 RUE DES BOULETS 75011 PARIS;billetreduc, fnac, ticketmaster;https://www.awin1.com/pclick.php?p=45922969580&a=3071471&m=20796 | https://www.awin1.com/pclick.php?p=45950509303&a=3071471&m=12494 | https://www.ticketmaster.fr/fr/manifestation/comment-reconnaitre-un-con-billet/idmanif/671708/idseance/4410011;
19:00;Comment Reconnaitre un Con... - Théâtre Le Bourvil, Paris;THEATRE LE BOURVIL;13 RUE DES BOULETS 75011 PARIS;billetreduc, fnac, ticketmaster;https://www.awin1.com/pclick.php?p=45922969580&a=3071471&m=20796 | https://www.awin1.com/pclick.php?p=46144954032&a=3071471&m=12494 | https://www.ticketmaster.fr/fr/manifestation/comment-reconnaitre-un-con-billet/idmanif/671708/idseance/4428188;
20:30;Comment Reconnaitre un Con... - Théâtre Le Bourvil, Paris;THEATRE LE BOURVIL;13 RUE DES BOULETS 75011 PARIS;billetreduc, fnac, ticketmaster;https://www.awin1.com/pclick.php?p=45922969580&a=3071471&m=20796 | https://www.awin1.com/pclick.php?p=45950509304&a=3071471&m=12494 | https://www.ticketmaster.fr/fr/manifestation/comment-reconnaitre-un-con-billet/idmanif/671708/idseance/4410012;
11:00;Les Fables de Madame Jeanne - Théâtre Le  Ranelagh, Paris;THEATRE LE RANELAGH;5, rue des Vignes 75016 PARIS;billetreduc, fnac, ticketmaster;https://www.awin1.com/pclick.php?p=45179012802&a=3071471&m=20796 | https://www.awin1.com/pclick.php?p=45279361096&a=3071471&m=12494 | https://www.ticketmaster.fr/fr/manifestation/les-fables-de-mme-jeanne-billet/idmanif/667177/idseance/4381424;
14:00;Cyrano de Bergerac - Théâtre Le Ranelagh, Paris;THEATRE LE RANELAGH;5, rue des Vignes 75016 PARIS;billetreduc, fnac, ticketmaster;https://www.awin1.com/pclick.php?p=45175287633&a=3071471&m=20796 | https://www.awin1.com/pclick.php?p=45256897631&a=3071471&m=12494 | https://www.ticketmaster.fr/fr/manifestation/cyrano-de-bergerac-billet/idmanif/495706/idtier/18864121;
16:30;Georges le Dragon, la Princesse et le Chevalier Intrépide, Théâtre Le Ranelagh - Paris;THEATRE LE RANELAGH;5, rue des Vignes 75016 PARIS;billetreduc, fnac;https://www.awin1.com/pclick.php?p=45175287630&a=3071471&m=20796 | https://www.awin1.com/pclick.php?p=45256896921&a=3071471&m=12494;
16:30;GEORGES LE DRAGON, LA PRINCESSE - Georges le Dragon, la princesse et le ch;THEATRE LE RANELAGH;5 Rue des Vignes Paris;ticketmaster;https://www.ticketmaster.fr/fr/manifestation/georges-le-dragon-la-princesse-billet/idmanif/535822/idtier/18864121;
19:00;Arsène Lupin - Théâtre  Le Ranelagh, Paris;THEATRE LE RANELAGH;5, rue des Vignes 75016 PARIS;billetreduc, fnac, ticketmaster;https://www.awin1.com/pclick.php?p=45175287660&a=3071471&m=20796 | https://www.awin1.com/pclick.php?p=45279360942&a=3071471&m=12494 | https://www.awin1.com/pclick.php?p=45565439814&a=3071471&m=20796 | https://www.awin1.com/pclick.php?p=46030863510&a=3071471&m=12494 | https://www.ticketmaster.fr/fr/manifestation/arsene-lupin-billet/idmanif/667112/idtier/18864121;
20:45;Les Enfants du Paradis - Théâtre Le Ranelagh, Paris;THEATRE LE RANELAGH;5, rue des Vignes 75016 PARIS;billetreduc, fnac, ticketmaster;https://www.awin1.com/pclick.php?p=45173373319&a=3071471&m=20796 | https://www.awin1.com/pclick.php?p=45279361036&a=3071471&m=12494 | https://www.ticketmaster.fr/fr/manifestation/les-enfants-du-paradis-billet/idmanif/667167/idseance/4381329;
17:00;Fin, Fin et Fin - Théâtre Lepic, Paris;THEATRE LEPIC;1, avenue Junot 75018 PARIS;billetreduc, fnac, ticketmaster;https://www.awin1.com/pclick.php?p=41775067631&a=3071471&m=20796 | https://www.awin1.com/pclick.php?p=44805223044&a=3071471&m=12494 | https://www.ticketmaster.fr/fr/manifestation/fin-fin-et-fin-billet/idmanif/630530/idtier/18864121;
19:00;POURQUOI LES GENS QUI SÈMENT - POURQUOI LES QUI SÈMENT;THEATRE LEPIC;1 AVENUE JUNOT Paris;billetreduc, ticketmaster;https://www.awin1.com/pclick.php?p=44998962452&a=3071471&m=20796 | https://www.ticketmaster.fr/fr/manifestation/pourquoi-les-gens-qui-sement-billet/idmanif/663777/idseance/4361620;
21:00;Fin, Fin et Fin - Théâtre Lepic, Paris;THEATRE LEPIC;1, avenue Junot 75018 PARIS;billetreduc, fnac, ticketmaster;https://www.awin1.com/pclick.php?p=41775067631&a=3071471&m=20796 | https://www.awin1.com/pclick.php?p=44805223048&a=3071471&m=12494 | https://www.ticketmaster.fr/fr/manifestation/fin-fin-et-fin-billet/idmanif/630530/idtier/18864121;
16:30;Amadeus - Une pièce de Peter Shaffer - Théâtre Marigny, Paris;THEATRE MARIGNY;CARRÉ MARIGNY 75008 PARIS;billetreduc, fnac, ticketmaster;https://www.awin1.com/pclick.php?p=44919656682&a=3071471&m=20796 | https://www.awin1.com/pclick.php?p=45015022083&a=3071471&m=12494 | https://www.ticketmaster.fr/fr/manifestation/amadeus-billet/idmanif/664971/idseance/4367020;
21:00;Amadeus - Une pièce de Peter Shaffer - Théâtre Marigny, Paris;THEATRE MARIGNY;CARRÉ MARIGNY 75008 PARIS;billetreduc, fnac, ticketmaster;https://www.awin1.com/pclick.php?p=44919656682&a=3071471&m=20796 | https://www.awin1.com/pclick.php?p=45015022084&a=3071471&m=12494 | https://www.ticketmaster.fr/fr/manifestation/amadeus-billet/idmanif/664971/idseance/4367021;
14:00;Le Bossu de Notre Dame - Un spectacle d'Olivier Solivérès - Studio Marigny, Paris;THEATRE MARIGNY - STUDIO;CARRÉ MARIGNY 75008 PARIS;billetreduc, fnac, ticketmaster;https://www.awin1.com/pclick.php?p=44987812222&a=3071471&m=20796 | https://www.awin1.com/pclick.php?p=45203486029&a=3071471&m=12494 | https://www.ticketmaster.fr/fr/manifestation/le-bossu-de-notre-dame-billet/idmanif/663337/idtier/18864121;
19:00;Carnets d'Ukraine - Studio Marigny - Paris;THEATRE MARIGNY - STUDIO;CARRÉ MARIGNY 75008 PARIS;billetreduc, fnac, ticketmaster;https://www.awin1.com/pclick.php?p=45359340529&a=3071471&m=20796 | https://www.awin1.com/pclick.php?p=45390452642&a=3071471&m=12494 | https://www.ticketmaster.fr/fr/manifestation/carnets-d-ukraine-billet/idmanif/669017/idseance/4390395;
21:00;Les Aventuriers de Minuit - Studio Marigny, Paris;THEATRE MARIGNY - STUDIO;CARRÉ MARIGNY 75008 PARIS;billetreduc, fnac, ticketmaster;https://www.awin1.com/pclick.php?p=44778153439&a=3071471&m=20796 | https://www.awin1.com/pclick.php?p=45051143800&a=3071471&m=12494 | https://www.ticketmaster.fr/fr/manifestation/les-aventuriers-de-minuit-billet/idmanif/660022/idseance/4341779;
21:00;Tony Saint Laurent - Efficace - Théâtre des Mathurins, Paris;THEATRE MATHURINS - PETITE SALLE;36, rue des Mathurins 75008 PARIS;billetreduc, fnac, ticketmaster;https://www.awin1.com/pclick.php?p=45689153587&a=3071471&m=20796 | https://www.awin1.com/pclick.php?p=45859817075&a=3071471&m=12494 | https://www.ticketmaster.fr/fr/manifestation/tony-saint-laurent-billet/idmanif/647299/idseance/4253175 | https://www.ticketmaster.fr/fr/manifestation/tony-saint-laurent-billet/idmanif/670510/idseance/4400176;
16:30;ADN - Théâtre Michel, Paris;THEATRE MICHEL;38, rue des Mathurins 75008 PARIS;fnac;https://www.awin1.com/pclick.php?p=45112828883&a=3071471&m=12494;
16:30;ADN;THEATRE MICHEL;38 RUE DES MATHURINS Paris;ticketmaster;https://www.ticketmaster.fr/fr/manifestation/adn-billet/idmanif/664117/idtier/18864121;
21:00;ADN - Théâtre Michel, Paris;THEATRE MICHEL;38, rue des Mathurins 75008 PARIS;fnac;https://www.awin1.com/pclick.php?p=45112828849&a=3071471&m=12494;
21:00;ADN;THEATRE MICHEL;38 RUE DES MATHURINS Paris;ticketmaster;https://www.ticketmaster.fr/fr/manifestation/adn-billet/idmanif/664117/idtier/18864121;
16:00;Un Jour ou l’Autre - Théâtre Montmartre Galabru, Paris;THEATRE MONTMARTRE GALABRU;4 RUE DE L'ARMÉE D'ORIENT 75018 PARIS;billetreduc, fnac;https://www.awin1.com/pclick.php?p=45543908622&a=3071471&m=20796 | https://www.awin1.com/pclick.php?p=45859818911&a=3071471&m=12494;
18:45;Le Bourgeois Gentilhomme - Théâtre Montmartre Galabru, Paris;THEATRE MONTMARTRE GALABRU;4 RUE DE L'ARMÉE D'ORIENT 75018 PARIS;billetreduc, fnac;https://www.awin1.com/pclick.php?p=43435097814&a=3071471&m=20796 | https://www.awin1.com/pclick.php?p=45859818978&a=3071471&m=12494;
16:30;Looking for Beethoven - Théâtre Montparnasse - Paris;THEATRE MONTPARNASSE;31, rue de la Gaité 75014 PARIS;billetreduc, fnac, ticketmaster;https://www.awin1.com/pclick.php?p=45135299451&a=3071471&m=20796 | https://www.awin1.com/pclick.php?p=45278832768&a=3071471&m=12494 | https://www.ticketmaster.fr/fr/manifestation/looking-for-beethoven-billet/idmanif/672892/idseance/4424427;
19:00;Suzanne - Théâtre Montparnasse - Paris;THEATRE MONTPARNASSE;31, rue de la Gaité 75014 PARIS;billetreduc, fnac, ticketmaster;https://www.awin1.com/pclick.php?p=45301494733&a=3071471&m=20796 | https://www.awin1.com/pclick.php?p=45859809085&a=3071471&m=12494 | https://www.ticketmaster.fr/fr/manifestation/suzanne-billet/idmanif/672897/idseance/4424477;
21:00;Côte à Côte - Théâtre Montparnasse - Paris;THEATRE MONTPARNASSE;31, rue de la Gaité 75014 PARIS;billetreduc, fnac;https://www.awin1.com/pclick.php?p=45303017492&a=3071471&m=12494 | https://www.awin1.com/pclick.php?p=45311828854&a=3071471&m=20796;
18:30;L'Art d'Avoir Toujours Raison - Théâtre Tristan Bernard, Paris;THEATRE TRISTAN BERNARD;64, rue du Rocher 75008 PARIS;billetreduc, fnac, paris_qfap, ticketmaster;https://www.awin1.com/pclick.php?p=43628305511&a=3071471&m=20796 | https://www.awin1.com/pclick.php?p=46085460968&a=3071471&m=12494 | https://www.paris.fr/evenements/l-art-d-avoir-toujours-raison-au-theatre-tristan-bernard-116953 | https://www.ticketmaster.fr/fr/manifestation/l-art-d-avoir-toujours-raison-billet/idmanif/665707/idtier/18864121;
21:00;Fallait pas les Inviter - Théâtre Tristan Bernard, Paris;THEATRE TRISTAN BERNARD;64, rue du Rocher 75008 PARIS;fnac, ticketmaster;https://www.awin1.com/pclick.php?p=45859821292&a=3071471&m=12494 | https://www.ticketmaster.fr/fr/manifestation/fallait-pas-les-inviter-billet/idmanif/665581/idtier/18864121;
19:30;Tombeau pour un Cheval d'Orgueil - Bartabas - Tzar - Lucile Boulanger - Théâtre Equestre Zingaro;THEATRE ZINGARO;176, avenue Jean-Jaurès 93300 AUBERVILLIERS;fnac;https://www.awin1.com/pclick.php?p=45057804633&a=3071471&m=12494;
20:00;Le Père - Théâtre Édouard VII, Paris;THEATRE ÉDOUARD VII;10, place Édouard VII 75009 PARIS;fnac;https://www.awin1.com/pclick.php?p=44675238747&a=3071471&m=12494;
14:30;Les fables de la Fontaine;Théo Théâtre - Salle Plomberie;20 rue Théodore Deck 75015 Paris;billetreduc;https://www.awin1.com/pclick.php?p=46016980336&a=3071471&m=20796;
15:00;20 000 lieues sous les mers;Théo Théâtre - Salle Plomberie;20 rue Théodore Deck 75015 Paris;billetreduc;https://www.awin1.com/pclick.php?p=45939682373&a=3071471&m=20796;
16:30;Il était une autre fois;Théo Théâtre - Salle Plomberie;20 rue Théodore Deck 75015 Paris;billetreduc;https://www.awin1.com/pclick.php?p=46026797266&a=3071471&m=20796;
21:00;À l'improviste : Cabaret Impro Show !;Théo Théâtre - Salle Plomberie;20 rue Théodore Deck 75015 Paris;billetreduc;https://www.awin1.com/pclick.php?p=45859412830&a=3071471&m=20796;
18:30;L'école des femmes;Théo Théâtre - Salle Théo;20 rue Théodore Deck 75015 Paris;billetreduc;https://www.awin1.com/pclick.php?p=42470001033&a=3071471&m=20796;
19:00;La servante maitresse;Théo Théâtre - Salle Théo;20 rue Théodore Deck 75015 Paris;billetreduc;https://www.awin1.com/pclick.php?p=46029554587&a=3071471&m=20796;
20:30;Lisière;Théo Théâtre - Salle Théo;20 rue Théodore Deck 75015 Paris;billetreduc;https://www.awin1.com/pclick.php?p=45998406488&a=3071471&m=20796;
;Le sens de l'humour;Théâtre Antoine;14 Bd de Strasbourg 75010 Paris;paris_qfap;https://www.paris.fr/evenements/le-sens-de-l-humour-123835;
19:00;Robert Badinter -  L'Enragé de Justice - Théâtre Antoine, Paris;Théâtre Antoine;14, bd de Strasbourg 75010 PARIS;billetreduc, fnac, ticketmaster;https://www.awin1.com/pclick.php?p=44747391380&a=3071471&m=20796 | https://www.awin1.com/pclick.php?p=44805223080&a=3071471&m=12494 | https://www.ticketmaster.fr/fr/manifestation/robert-badinter-billet/idmanif/659221/idtier/18864121;
11:00;Où es-tu Cacahuète ?;Théâtre BO Saint Martin;19, Boulevard Saint Martin 75003 Paris;billetreduc, ticketmaster;https://www.awin1.com/pclick.php?p=36997736574&a=3071471&m=20796 | https://www.ticketmaster.fr/fr/manifestation/ou-es-tu-cacahuete-billet/idmanif/535173/idtier/18864121;
20:15;Antonin Ecce dans Boum boum;Théâtre BO Saint Martin;19, Boulevard Saint Martin 75003 Paris;billetreduc, ticketmaster;https://www.awin1.com/pclick.php?p=42917284877&a=3071471&m=20796 | https://www.ticketmaster.fr/fr/manifestation/antonin-ecce-dans-boum-boum-billet/idmanif/639822/idtier/18864121;
14:00;Les Adoleschiants - Théâtre Bo Saint-Martin, Paris;Théâtre Bo Saint-Martin;19, boulevard Saint-Martin 75003 PARIS;billetreduc, fnac, ticketmaster;https://www.awin1.com/pclick.php?p=41622498833&a=3071471&m=20796 | https://www.awin1.com/pclick.php?p=45303017408&a=3071471&m=12494 | https://www.ticketmaster.fr/fr/manifestation/les-adoleschiants-billet/idmanif/627412/idseance/4379075;
17:30;Antony Giuliani - Blagues - Théâtre BO Saint-Martin, Paris;Théâtre Bo Saint-Martin;19, boulevard Saint-Martin 75003 PARIS;billetreduc, fnac, ticketmaster;https://www.awin1.com/pclick.php?p=44715759970&a=3071471&m=20796 | https://www.awin1.com/pclick.php?p=45011360150&a=3071471&m=12494 | https://www.ticketmaster.fr/fr/manifestation/antony-giuliani-billet/idmanif/659115/idtier/18864121;
20:15;Antonin Ecce - Boum Boum - Théâtre Bo Saint-Martin, Paris;Théâtre Bo Saint-Martin;19, boulevard Saint-Martin 75003 PARIS;fnac;https://www.awin1.com/pclick.php?p=44539270135&a=3071471&m=12494;
21:30;Lotfi Abdelli - Je Suis Bien Chez Vous -  Théâtre Bo Saint-Martin, Paris;Théâtre Bo Saint-Martin;19, boulevard Saint-Martin 75003 PARIS;billetreduc, fnac, ticketmaster;https://www.awin1.com/pclick.php?p=42307035500&a=3071471&m=20796 | https://www.awin1.com/pclick.php?p=45190112178&a=3071471&m=12494 | https://www.ticketmaster.fr/fr/manifestation/lotfi-abdelli-billet/idmanif/634586/idtier/18864121;
14:30;Le Ballet des Illusions;Théâtre Clavel;3 rue Clavel 75019 Paris;billetreduc;https://www.awin1.com/pclick.php?p=45934404997&a=3071471&m=20796;
16:00;Magic Bazar Circus;Théâtre Clavel;3 rue Clavel 75019 Paris;billetreduc;https://www.awin1.com/pclick.php?p=45934404998&a=3071471&m=20796;
17:30;Spark by Foreign Exchanged;Théâtre Clavel;3 rue Clavel 75019 Paris;billetreduc;https://www.awin1.com/pclick.php?p=45872648388&a=3071471&m=20796;
21:30;Hendécagone;Théâtre Clavel;3 rue Clavel 75019 Paris;billetreduc;https://www.awin1.com/pclick.php?p=45595466687&a=3071471&m=20796;
15:00;Le premier homme;Théâtre Comédie Bastille;5 RUE NICOLAS APPERT 75011 Paris;paris_qfap;https://www.paris.fr/evenements/le-premier-homme-118084;
15:00;"Mémé Casse Bonbons dans ""On est tous le vieux d'un autre""";Théâtre Comédie Bastille;5 RUE NICOLAS APPERT 75011 Paris;paris_qfap;https://www.paris.fr/evenements/meme-casse-bonbons-dans-on-est-tous-le-vieux-d-un-autre-118080;
21:00;NAPO;Théâtre Comédie Bastille;5 RUE NICOLAS APPERT 75011 Paris;paris_qfap;https://www.paris.fr/evenements/napo-118081;
16:00;Fabuleuses fabulettes d'une petite souris;Théâtre Darius Milhaud;80, allée Darius Milhaud 75019 Paris;billetreduc;https://www.awin1.com/pclick.php?p=45998406485&a=3071471&m=20796;
16:00;Un équipage sous les étoiles;Théâtre Darius Milhaud;80, allée Darius Milhaud 75019 Paris;billetreduc;https://www.awin1.com/pclick.php?p=45950056698&a=3071471&m=20796;
18:30;Loup-Garou;Théâtre Darius Milhaud;80, allée Darius Milhaud 75019 Paris;billetreduc;https://www.awin1.com/pclick.php?p=45836597141&a=3071471&m=20796;
21:00;L'Echappée belle;Théâtre Darius Milhaud;80, allée Darius Milhaud 75019 Paris;billetreduc;https://www.awin1.com/pclick.php?p=45841147887&a=3071471&m=20796;
11:00;Aïe, le Spectacle Musical - Théâtre de Dix Heures, Paris;Théâtre de Dix Heures;36 Bd de Clichy 75018 PARIS;billetreduc, fnac, ticketmaster;https://www.awin1.com/pclick.php?p=45517528958&a=3071471&m=20796 | https://www.awin1.com/pclick.php?p=45859823010&a=3071471&m=12494 | https://www.ticketmaster.fr/fr/manifestation/aie-le-spectacle-musical-billet/idmanif/669959/idseance/4394977;
16:00;Sossam - Un Rêve Magique - Théâtre de Dix Heures, Paris;Théâtre de Dix Heures;36 Bd de Clichy 75018 PARIS;billetreduc, fnac, ticketmaster;https://www.awin1.com/pclick.php?p=44785972968&a=3071471&m=20796 | https://www.awin1.com/pclick.php?p=44983560545&a=3071471&m=12494 | https://www.ticketmaster.fr/fr/manifestation/sossam-billet/idmanif/660150/idseance/4342315;
19:15;Emy - Le Théâtre de Dix Heures, Paris;Théâtre de Dix Heures;36 Bd de Clichy 75018 PARIS;fnac;https://www.awin1.com/pclick.php?p=44265409324&a=3071471&m=12494;
19:00;4.48 Psychose - Théâtre de l'Atelier, Paris;Théâtre de l'Atelier;1 Place Charles Dullin 75018 PARIS;billetreduc, fnac, ticketmaster;https://www.awin1.com/pclick.php?p=45050750518&a=3071471&m=20796 | https://www.awin1.com/pclick.php?p=45170117290&a=3071471&m=12494 | https://www.ticketmaster.fr/fr/manifestation/448-psychose-billet/idmanif/664184/idtier/18864121;
21:00;Les Galets Au Tilleul Sont Plus Petits Qu'au Havre - Théâtre de l'Atelier, Paris;Théâtre de l'Atelier;1 Place Charles Dullin 75018 PARIS;billetreduc, fnac, ticketmaster;https://www.awin1.com/pclick.php?p=45050750517&a=3071471&m=20796 | https://www.awin1.com/pclick.php?p=45170117511&a=3071471&m=12494 | https://www.ticketmaster.fr/fr/manifestation/les-galets-au-tilleul-billet/idmanif/664181/idtier/18864121;
16:30;Emelina Cundiamor;Théâtre de l'Epée de Bois - Cartoucherie;Bois de vincennes 75012 Paris;billetreduc;https://www.awin1.com/pclick.php?p=45320234291&a=3071471&m=20796;
21:00;Emelina Cundiamor;Théâtre de l'Epée de Bois - Cartoucherie;Bois de vincennes 75012 Paris;billetreduc;https://www.awin1.com/pclick.php?p=45320234291&a=3071471&m=20796;
15:00;Marie-Antoinette et Mozart : Romances au Paradis;Théâtre de l'Ile Saint-Louis Paul Rey;39 Quai d'Anjou 75004 Paris;billetreduc;https://www.awin1.com/pclick.php?p=45445685553&a=3071471&m=20796;
15:00;Marie-Antoinette et Mozart - Théâtre de l'Ile Saint-Louis Paul Rey - Paris;Théâtre de l'Ile Saint-Louis Paul Rey;39 quai d'Anjou 75004 PARIS;fnac;https://www.awin1.com/pclick.php?p=45366521428&a=3071471&m=12494;
19:00;Hitchcock & Mary-Rose - Théâtre de l'Œuvre, Paris;Théâtre de l'Oeuvre;55, rue de Clichy 75009 PARIS;billetreduc, fnac, ticketmaster;https://www.awin1.com/pclick.php?p=45351588485&a=3071471&m=20796 | https://www.awin1.com/pclick.php?p=45390452853&a=3071471&m=12494 | https://www.ticketmaster.fr/fr/manifestation/hitchcock-mary-rose-billet/idmanif/668898/idseance/4389916;
21:00;En Attendant Bojangles - Théâtre de l'Œuvre, Paris;Théâtre de l'Oeuvre;55, rue de Clichy 75009 PARIS;billetreduc, fnac, ticketmaster;https://www.awin1.com/pclick.php?p=45351588411&a=3071471&m=20796 | https://www.awin1.com/pclick.php?p=45859824135&a=3071471&m=12494 | https://www.ticketmaster.fr/fr/manifestation/en-attendant-bojangles-billet/idmanif/668916/idseance/4391095;
14:30;Le Dibbouk - Entre Deux Mondes - Théâtre de l'Épée de Bois - Salle en Bois, Paris;Théâtre de l'Épée de Bois - Salle en Bois;La Cartoucherie - Route du champs de manoeuvre 75012 PARIS;billetreduc, fnac;https://www.awin1.com/pclick.php?p=45320234292&a=3071471&m=20796 | https://www.awin1.com/pclick.php?p=45859810840&a=3071471&m=12494;
19:00;Le Dibbouk - Entre Deux Mondes - Théâtre de l'Épée de Bois - Salle en Bois, Paris;Théâtre de l'Épée de Bois - Salle en Bois;La Cartoucherie - Route du champs de manoeuvre 75012 PARIS;billetreduc, fnac;https://www.awin1.com/pclick.php?p=45320234292&a=3071471&m=20796 | https://www.awin1.com/pclick.php?p=45859810845&a=3071471&m=12494;
21:00;Cyrano - Théâtre de l'Épée de Bois - Salle en Pierre, Paris;Théâtre de l'Épée de Bois - Salle en Pierre;Cartoucherie - Route du champs de manoeuvre 75012 PARIS;billetreduc, fnac;https://www.awin1.com/pclick.php?p=45320234290&a=3071471&m=20796 | https://www.awin1.com/pclick.php?p=45395422670&a=3071471&m=12494;
18:00;Six Days in October (The Dead Still Riot) - Wishaya Artamat, Pathipon (Miss Oat) et Duck Unit;Théâtre de la Bastille;76 rue de la Roquette 75011 Paris;paris_qfap;https://www.paris.fr/evenements/six-days-in-october-the-dead-still-riot-wishaya-artamat-pathipon-miss-oat-et-duck-unit-111973;
19:30;Ils divorcèrent pour le meilleur et pour le pire !;Théâtre de la Boussole;29, rue de Dunkerque 75010 Paris;billetreduc, fnac, paris_qfap;https://www.awin1.com/pclick.php?p=45788269073&a=3071471&m=20796 | https://www.awin1.com/pclick.php?p=46016634991&a=3071471&m=12494 | https://www.paris.fr/evenements/ils-divorcerent-pour-le-meilleur-et-pour-le-pire-118157;
18:00;La Maison de Bernarda Alba;Théâtre de la Cité Internationale;17 boulevard Jourdan 75014 Paris;billetreduc;https://www.awin1.com/pclick.php?p=45239578532&a=3071471&m=20796;
;La Tendresse de Julie Berès au Théâtre de la Concorde;Théâtre de la Concorde;1 Avenue Gabriel 75008 Paris;paris_qfap;https://www.paris.fr/evenements/la-tendresse-de-julie-beres-au-theatre-de-la-concorde-117385;
19:00;« Cosmogonia » : une expérience immersive de Yom;Théâtre de la Concorde;1 Avenue Gabriel 75008 Paris;paris_qfap;https://www.paris.fr/evenements/cosmogonia-une-experience-immersive-de-yom-117388;
;On a vu, on a aimé « La Claque » au théâtre;Théâtre de la Gaité Montparnasse;26 rue de la Gaité 75014 Paris;paris_qfap;https://www.paris.fr/evenements/la-claque-au-theatre-de-la-gaite-montparnasse-48709;
14:00;Chat Botté, Le Musical - Théâtre de la Gaîté-Montparnasse, Paris;Théâtre de la Gaîté-Montparnasse;26, rue de la Gaité 75014 PARIS;billetreduc, fnac;https://www.awin1.com/pclick.php?p=38155576057&a=3071471&m=20796 | https://www.awin1.com/pclick.php?p=44805223138&a=3071471&m=12494;
16:30;L'Embarras du Choix - Théâtre de la Gaité Montparnasse, Paris;Théâtre de la Gaîté-Montparnasse;26, rue de la Gaité 75014 PARIS;billetreduc, fnac, ticketmaster;https://www.awin1.com/pclick.php?p=30965600201&a=3071471&m=20796 | https://www.awin1.com/pclick.php?p=44442041346&a=3071471&m=12494 | https://www.ticketmaster.fr/fr/manifestation/l-embarras-du-choix-billet/idmanif/656742/idseance/4318491;
19:00;Léo Brière - Le Secret - Théâtre de la Gaîté-Montparnasse, Paris;Théâtre de la Gaîté-Montparnasse;26, rue de la Gaité 75014 PARIS;billetreduc, fnac, ticketmaster;https://www.awin1.com/pclick.php?p=44385556477&a=3071471&m=20796 | https://www.awin1.com/pclick.php?p=44430420637&a=3071471&m=12494 | https://www.ticketmaster.fr/fr/manifestation/leo-briere-billet/idmanif/655773/idtier/18864121;
21:00;L'Embarras du Choix - Théâtre de la Gaité Montparnasse, Paris;Théâtre de la Gaîté-Montparnasse;26, rue de la Gaité 75014 PARIS;billetreduc, fnac, ticketmaster;https://www.awin1.com/pclick.php?p=30965600201&a=3071471&m=20796 | https://www.awin1.com/pclick.php?p=44442041347&a=3071471&m=12494 | https://www.ticketmaster.fr/fr/manifestation/l-embarras-du-choix-billet/idmanif/656742/idseance/4318492;
16:00;Côté Jardin - Théâtre de la Huchette;Théâtre de la Huchette;23, rue de la Huchette 75005 PARIS;billetreduc, fnac;https://www.awin1.com/pclick.php?p=45276417861&a=3071471&m=20796 | https://www.awin1.com/pclick.php?p=45958522588&a=3071471&m=12494;
19:00;La Cantatrice Chauve + La Leçon, Théâtre de la Huchette - Paris;Théâtre de la Huchette;23, rue de la Huchette 75005 PARIS;billetreduc, fnac, ticketmaster;https://www.awin1.com/pclick.php?p=30021921925&a=3071471&m=20796 | https://www.awin1.com/pclick.php?p=30021921931&a=3071471&m=20796 | https://www.awin1.com/pclick.php?p=44865635804&a=3071471&m=12494 | https://www.awin1.com/pclick.php?p=44865635985&a=3071471&m=12494 | https://www.ticketmaster.fr/fr/manifestation/la-cantatrice-chauve-billet/idmanif/640234/idtier/18864121 | https://www.ticketmaster.fr/fr/manifestation/la-cantatrice-chauve-la-lecon-billet/idmanif/640235/idtier/18864121;
20:00;La Leçon - Théâtre de la Huchette, Paris;Théâtre de la Huchette;23, rue de la Huchette 75005 PARIS;billetreduc, fnac, ticketmaster;https://www.awin1.com/pclick.php?p=30021921929&a=3071471&m=20796 | https://www.awin1.com/pclick.php?p=44865636046&a=3071471&m=12494 | https://www.ticketmaster.fr/fr/manifestation/la-lecon-billet/idmanif/640237/idseance/4366028;
21:00;Walt - La Folie Disney - Théâtre de la Huchette, Paris;Théâtre de la Huchette;23, rue de la Huchette 75005 PARIS;billetreduc, fnac, ticketmaster;https://www.awin1.com/pclick.php?p=45112918483&a=3071471&m=20796 | https://www.awin1.com/pclick.php?p=45135186655&a=3071471&m=12494 | https://www.ticketmaster.fr/fr/manifestation/walt-la-folie-disney-billet/idmanif/665250/idseance/4368659;
11:00;Cendrillon - Théâtre de Madeleine, Paris;Théâtre de la Madeleine;19, rue de surène 75008 PARIS;billetreduc, fnac, ticketmaster;https://www.awin1.com/pclick.php?p=44187494245&a=3071471&m=20796 | https://www.awin1.com/pclick.php?p=44214988140&a=3071471&m=12494 | https://www.ticketmaster.fr/fr/manifestation/cendrillon-billet/idmanif/652909/idseance/4296926;
19:00;Paul de Saint Sernin - Théâtre de la Madeleine, Paris;Théâtre de la Madeleine;19, rue de surène 75008 PARIS;billetreduc, fnac, ticketmaster;https://www.awin1.com/pclick.php?p=44539269649&a=3071471&m=12494 | https://www.awin1.com/pclick.php?p=45957806670&a=3071471&m=20796 | https://www.ticketmaster.fr/fr/manifestation/paul-de-saint-sernin-billet/idmanif/672574/idseance/4422035;
16:00;Le Malade Imaginaire - Théâtre de la Michodière, Paris;Théâtre de la Michodière;4 bis rue de la Michodière 75002 PARIS;billetreduc, fnac, ticketmaster;https://www.awin1.com/pclick.php?p=44812762553&a=3071471&m=20796 | https://www.awin1.com/pclick.php?p=44919381152&a=3071471&m=12494 | https://www.ticketmaster.fr/fr/manifestation/le-malade-imaginaire-billet/idmanif/660703/idseance/4344012;
20:00;Le Malade Imaginaire - Théâtre de la Michodière, Paris;Théâtre de la Michodière;4 bis rue de la Michodière 75002 PARIS;billetreduc, fnac, ticketmaster;https://www.awin1.com/pclick.php?p=44812762553&a=3071471&m=20796 | https://www.awin1.com/pclick.php?p=44919381153&a=3071471&m=12494 | https://www.ticketmaster.fr/fr/manifestation/le-malade-imaginaire-billet/idmanif/660703/idseance/4344013;
16:00;Le Mariage de Figaro - Théâtre de la Porte Saint-Martin, Paris;Théâtre de la Porte Saint-Martin;18, boulevard Saint Martin 75010 PARIS;billetreduc, fnac, paris_qfap, ticketmaster;https://www.awin1.com/pclick.php?p=43564500479&a=3071471&m=20796 | https://www.awin1.com/pclick.php?p=43571511212&a=3071471&m=12494 | https://www.awin1.com/pclick.php?p=43571511213&a=3071471&m=12494 | https://www.paris.fr/evenements/la-folle-journee-ou-le-mariage-de-figaro-123785 | https://www.ticketmaster.fr/fr/manifestation/le-mariage-de-figaro-billet/idmanif/646400/idseance/4244094 | https://www.ticketmaster.fr/fr/manifestation/le-mariage-de-figaro-billet/idmanif/646400/idseance/4244095;
16:30;Laponie avec François-Xavier Demaison et Ophélia Kolb;Théâtre de la Renaissance;20, Bd Saint-Martin 75010 Paris;billetreduc, fnac, paris_qfap, ticketmaster;https://www.awin1.com/pclick.php?p=44429062984&a=3071471&m=12494 | https://www.awin1.com/pclick.php?p=44429062985&a=3071471&m=12494 | https://www.awin1.com/pclick.php?p=44791486049&a=3071471&m=20796 | https://www.paris.fr/evenements/laponie-123798 | https://www.ticketmaster.fr/fr/manifestation/laponie-billet/idmanif/645840/idseance/4238963 | https://www.ticketmaster.fr/fr/manifestation/laponie-billet/idmanif/645840/idseance/4238964;
19:00;La Tresse - Théâtre de la Renaissance, Paris;Théâtre de la Renaissance;20, bld St Martin 75010 PARIS;billetreduc, fnac, ticketmaster;https://www.awin1.com/pclick.php?p=44801198526&a=3071471&m=20796 | https://www.awin1.com/pclick.php?p=45076137539&a=3071471&m=12494 | https://www.ticketmaster.fr/fr/manifestation/la-tresse-billet/idmanif/662219/idseance/4355147;
20:00;Josef K.;Théâtre de la Tempête - Cartoucherie;Route du champ-de-manoeuvre 75012 Paris;billetreduc;https://www.awin1.com/pclick.php?p=45131876517&a=3071471&m=20796;
20:30;La Mort de Jean-Marie de Balma;Théâtre de la Tempête - Cartoucherie;Route du champ-de-manoeuvre 75012 Paris;billetreduc;https://www.awin1.com/pclick.php?p=45230863590&a=3071471&m=20796;
14:00;The Amazing Bubble Man - Théâtre de la Tour Eiffel, Paris;Théâtre de la Tour Eiffel;4 square Rapp 75007 PARIS;billetreduc, fnac;https://www.awin1.com/pclick.php?p=44504604854&a=3071471&m=20796 | https://www.awin1.com/pclick.php?p=45009811691&a=3071471&m=12494;
;Germaine Acogny, Gregory Maqoma _ As We Are;Théâtre de la Ville – Sarah Bernhardt;2 place du Châtelet 75004 Paris;paris_qfap;https://www.paris.fr/evenements/germaine-acogny-gregory-maqoma-_-as-we-are-116453;
;Les Pensées Nicolas Doutey / Sylvain Maurice;Théâtre de la Ville – Sarah Bernhardt;2 place du Châtelet 75004 Paris;paris_qfap;https://www.paris.fr/evenements/les-pensees-nicolas-doutey-sylvain-maurice-116454;
17:00;George Sand & Marie d'Agoult : spectacle théâtral et musical pour deux comédiennes-musiciennes;Théâtre de Nesle;8, rue de Nesle 75006 Paris;paris_qfap;https://www.paris.fr/evenements/george-sand-marie-d-agoult-spectacle-theatral-et-musical-pour-deux-comediennes-musiciennes-117558;
19:00;Un spectacle d'impro entre amis ou en famille au Théâtre de Nesle;Théâtre de Nesle;8, rue de Nesle 75006 Paris;billetreduc, fnac, paris_qfap, ticketmaster;https://www.awin1.com/pclick.php?p=44977447011&a=3071471&m=20796 | https://www.awin1.com/pclick.php?p=45092027141&a=3071471&m=12494 | https://www.paris.fr/evenements/un-spectacle-d-impro-entre-amis-ou-en-famille-au-theatre-de-nesle-116197 | https://www.ticketmaster.fr/fr/manifestation/impro-billet/idmanif/663618/idtier/18864121;
17:00;George Sand & Marie d'Agoult : une amitié immédiate et passionnée;Théâtre de Nesle - grande salle ;8 Rue de Nesle 75006 Paris;billetreduc;https://www.awin1.com/pclick.php?p=45276417873&a=3071471&m=20796;
21:00;La seconde surprise de l'amour;Théâtre de Nesle - grande salle ;8 Rue de Nesle 75006 Paris;billetreduc;https://www.awin1.com/pclick.php?p=45561327693&a=3071471&m=20796;
15:30;Déni;Théâtre de Paris – Salle Réjane;15 Rue Blanche 75009 Paris;billetreduc;https://www.awin1.com/pclick.php?p=44882920243&a=3071471&m=20796;
21:00;Déni;Théâtre de Paris – Salle Réjane;15 Rue Blanche 75009 Paris;billetreduc;https://www.awin1.com/pclick.php?p=44882920243&a=3071471&m=20796;
19:00;La p'tite débrouille;Théâtre de Passy;95 rue de Passy 75016 Paris;billetreduc;https://www.awin1.com/pclick.php?p=46120374312&a=3071471&m=20796;
19:00;Le Poisson-Scorpion - Théâtre de Poche-Montparnasse, Paris;Théâtre de Poche Montparnasse;75, bd du Montparnasse 75006 PARIS;billetreduc, fnac;https://www.awin1.com/pclick.php?p=45237403963&a=3071471&m=20796 | https://www.awin1.com/pclick.php?p=45859820043&a=3071471&m=12494;
21:00;Quatrevingt Treize - Théâtre de Poche-Montparnasse - Paris;Théâtre de Poche Montparnasse;75, bd du Montparnasse 75006 PARIS;billetreduc, fnac;https://www.awin1.com/pclick.php?p=45237403962&a=3071471&m=20796 | https://www.awin1.com/pclick.php?p=45859820832&a=3071471&m=12494;
13:00;Une Heure de Philosophie - Théâtre des 3 Clés, Paris;Théâtre des 3 Clés;35, Rue Sedaine 75011 PARIS;fnac;https://www.awin1.com/pclick.php?p=45320130061&a=3071471&m=12494;
15:00;Sherlock Holmes et l'Aventure du Diamant Bleu - Théâtre des 3 Clés, Paris;Théâtre des 3 Clés;35, Rue Sedaine 75011 PARIS;billetreduc, fnac;https://www.awin1.com/pclick.php?p=39485462296&a=3071471&m=20796 | https://www.awin1.com/pclick.php?p=45303017589&a=3071471&m=12494;
17:00;Sherlock Holmes et le Mystère de la Vallée de Boscombe - Théâtre des 3 Clés, Paris;Théâtre des 3 Clés;35, Rue Sedaine 75011 PARIS;billetreduc, fnac;https://www.awin1.com/pclick.php?p=39485462294&a=3071471&m=20796 | https://www.awin1.com/pclick.php?p=45313091131&a=3071471&m=12494;
19:00;Sherlock Holmes et le Signe des 4 - Théâtre des 3 Clés, Paris;Théâtre des 3 Clés;35, Rue Sedaine 75011 PARIS;billetreduc, fnac;https://www.awin1.com/pclick.php?p=42665532318&a=3071471&m=20796 | https://www.awin1.com/pclick.php?p=45942988746&a=3071471&m=12494;
21:00;Al Capone - Théâtre les 3 Clés, Paris;Théâtre des 3 Clés;35, Rue Sedaine 75011 PARIS;billetreduc, fnac;https://www.awin1.com/pclick.php?p=45224283897&a=3071471&m=20796 | https://www.awin1.com/pclick.php?p=45229268240&a=3071471&m=12494;
20:00;Dans le Ventre des Cerveaux - Théâtre des Bouffes du Nord, Paris;Théâtre des Bouffes du Nord;37 bis, bd de la Chapelle 75010 PARIS;billetreduc, fnac, ticketmaster;https://www.awin1.com/pclick.php?p=45224283898&a=3071471&m=20796 | https://www.awin1.com/pclick.php?p=45230770688&a=3071471&m=12494 | https://www.ticketmaster.fr/fr/manifestation/dans-le-ventre-des-cerveaux-billet/idmanif/667861/idseance/4385198;
16:00;Oh les beaux jours;Théâtre des Bouffes Parisiens;4 Rue Monsigny 75002 Paris;billetreduc;https://www.awin1.com/pclick.php?p=44197391946&a=3071471&m=20796;
21:00;Oh les Beaux Jours ! - Théâtre des Bouffes Parisiens, Paris;Théâtre des Bouffes-Parisiens;4 rue Monsigny 75002 PARIS;billetreduc, fnac, ticketmaster;https://www.awin1.com/pclick.php?p=44197391946&a=3071471&m=20796 | https://www.awin1.com/pclick.php?p=44208936069&a=3071471&m=12494 | https://www.ticketmaster.fr/fr/manifestation/oh-les-beaux-jours-billet/idmanif/653417/idseance/4298803;
17:00;Big Mother - Théâtre des Béliers Parisiens, Paris;Théâtre des Béliers Parisiens;14 bis rue Sainte-Isaure 75018 PARIS;billetreduc, fnac;https://www.awin1.com/pclick.php?p=34746311231&a=3071471&m=20796 | https://www.awin1.com/pclick.php?p=45859804756&a=3071471&m=12494;
19:00;La Zone Indigo - Théâtre les Béliers Parisiens;Théâtre des Béliers Parisiens;14 bis rue Sainte-Isaure 75018 PARIS;billetreduc, fnac, paris_qfap;https://www.awin1.com/pclick.php?p=43214367751&a=3071471&m=20796 | https://www.awin1.com/pclick.php?p=45859804768&a=3071471&m=12494 | https://www.paris.fr/evenements/la-zone-indigo-au-theatre-des-beliers-parisiens-116957;
21:00;Le Goût de la Framboise - Théâtre des Béliers Parisiens, Paris;Théâtre des Béliers Parisiens;14 bis rue Sainte-Isaure 75018 PARIS;billetreduc, fnac;https://www.awin1.com/pclick.php?p=44939094348&a=3071471&m=20796 | https://www.awin1.com/pclick.php?p=44964536733&a=3071471&m=12494;
15:00;Manu Tchao - Théâtre des 2 Anes;Théâtre des Deux Anes;100 Bd de Clichy 75018 PARIS;billetreduc, fnac, ticketmaster;https://www.awin1.com/pclick.php?p=44967751501&a=3071471&m=20796 | https://www.awin1.com/pclick.php?p=45078939107&a=3071471&m=12494 | https://www.ticketmaster.fr/fr/manifestation/manu-tchao-billet/idmanif/663835/idseance/4361816;
17:30;Le Dîner de Cocus - Théâtre des 2 Anes, Paris;Théâtre des Deux Anes;100 Bd de Clichy 75018 PARIS;billetreduc, fnac, ticketmaster;https://www.awin1.com/pclick.php?p=44873950252&a=3071471&m=20796 | https://www.awin1.com/pclick.php?p=45068626032&a=3071471&m=12494 | https://www.ticketmaster.fr/fr/manifestation/le-diner-de-cocus-billet/idmanif/661335/idseance/4350287;
20:00;Manu Tchao - Théâtre des 2 Anes;Théâtre des Deux Anes;100 Bd de Clichy 75018 PARIS;billetreduc, fnac, ticketmaster;https://www.awin1.com/pclick.php?p=44967751501&a=3071471&m=20796 | https://www.awin1.com/pclick.php?p=45078939108&a=3071471&m=12494 | https://www.ticketmaster.fr/fr/manifestation/manu-tchao-billet/idmanif/663835/idseance/4361817;
;Chevaliers Princesse et Dragon;Théâtre des Mathurins;36 Rue des Mathurins 75008 Paris;paris_qfap;https://www.paris.fr/evenements/chevaliers-princesse-et-dragon-117025;
14:00;Les Aventures de Pinocchio - Théâtre des Mathurins, Paris;Théâtre des Mathurins;36, rue des Mathurins 75008 PARIS;billetreduc, fnac, ticketmaster;https://www.awin1.com/pclick.php?p=44253740119&a=3071471&m=20796 | https://www.awin1.com/pclick.php?p=44268749766&a=3071471&m=12494 | https://www.ticketmaster.fr/fr/manifestation/les-aventures-de-pinocchio-billet/idmanif/653475/idseance/4299062;
16:00;Dernier Coup de Ciseaux - Théâtre des Mathurins, Paris;Théâtre des Mathurins;36, rue des Mathurins 75008 PARIS;billetreduc, fnac, ticketmaster;https://www.awin1.com/pclick.php?p=43740099425&a=3071471&m=20796 | https://www.awin1.com/pclick.php?p=43842598903&a=3071471&m=12494 | https://www.ticketmaster.fr/fr/manifestation/dernier-coup-de-ciseaux-billet/idmanif/648571/idseance/4272210;
21:00;Dernier Coup de Ciseaux - Théâtre des Mathurins, Paris;Théâtre des Mathurins;36, rue des Mathurins 75008 PARIS;billetreduc, fnac, ticketmaster;https://www.awin1.com/pclick.php?p=43740099425&a=3071471&m=20796 | https://www.awin1.com/pclick.php?p=43842598904&a=3071471&m=12494 | https://www.ticketmaster.fr/fr/manifestation/dernier-coup-de-ciseaux-billet/idmanif/648571/idseance/4272211;
19:00;Ismaël Saïdi dans Tribulations d'un musulman d'ici;Théâtre des Mathurins - Studio;36 Rue des Mathurins 75008 Paris;billetreduc, fnac, ticketmaster;https://www.awin1.com/pclick.php?p=45700742092&a=3071471&m=20796 | https://www.awin1.com/pclick.php?p=45859817783&a=3071471&m=12494 | https://www.ticketmaster.fr/fr/manifestation/tribulations-d-un-musulman-d-ici-billet/idmanif/670582/idseance/4400522;
11:00;Winnie et le coffre aux merveilles;Théâtre des Nouveautés;24, boulevard poissonnière 75009 Paris;billetreduc, ticketmaster;https://www.awin1.com/pclick.php?p=44734385086&a=3071471&m=20796 | https://www.ticketmaster.fr/fr/manifestation/winnie-et-le-coffre-aux-merveilles-billet/idmanif/659935/idtier/18864121;
16:30;Berlin Berlin - Théâtre des Nouveautés, Paris;Théâtre des Nouveautés;24, Boulevard Poissonnière 75009 PARIS;billetreduc, fnac, ticketmaster;https://www.awin1.com/pclick.php?p=45405622907&a=3071471&m=20796 | https://www.awin1.com/pclick.php?p=45859817254&a=3071471&m=12494 | https://www.ticketmaster.fr/fr/manifestation/berlin-berlin-billet/idmanif/669671/idseance/4392519;
16:30;Un Château de Cartes - Théâtre des Nouveautés, Paris;Théâtre des Nouveautés;24, Boulevard Poissonnière 75009 PARIS;fnac, ticketmaster;https://www.awin1.com/pclick.php?p=44686435525&a=3071471&m=12494 | https://www.ticketmaster.fr/fr/manifestation/un-chateau-de-cartes-billet/idmanif/658596/idtier/18864121;
19:00;How to Become a Parisian in One Hour ? - Théâtre des Nouveautés, Paris;Théâtre des Nouveautés;24, Boulevard Poissonnière 75009 PARIS;billetreduc, fnac, ticketmaster;https://www.awin1.com/pclick.php?p=30076717467&a=3071471&m=20796 | https://www.awin1.com/pclick.php?p=45240717388&a=3071471&m=12494 | https://www.ticketmaster.fr/fr/manifestation/how-to-become-a-parisian-in-one-hour-billet/idmanif/666091/idtier/18864121;
21:00;Berlin Berlin - Théâtre des Nouveautés, Paris;Théâtre des Nouveautés;24, Boulevard Poissonnière 75009 PARIS;billetreduc, fnac, ticketmaster;https://www.awin1.com/pclick.php?p=45405622907&a=3071471&m=20796 | https://www.awin1.com/pclick.php?p=45859820538&a=3071471&m=12494 | https://www.ticketmaster.fr/fr/manifestation/berlin-berlin-billet/idmanif/669671/idseance/4392520;
21:01;Un Château de Cartes - Théâtre des Nouveautés, Paris;Théâtre des Nouveautés;24, Boulevard Poissonnière 75009 PARIS;fnac, ticketmaster;https://www.awin1.com/pclick.php?p=44686435526&a=3071471&m=12494 | https://www.ticketmaster.fr/fr/manifestation/un-chateau-de-cartes-billet/idmanif/658596/idtier/18864121;
16:30;Un Succès Fou - Théâtre des Variétés, Paris;Théâtre des Variétés;7, boulevard Montmartre 75002 PARIS;billetreduc, fnac, ticketmaster;https://www.awin1.com/pclick.php?p=43439056759&a=3071471&m=20796 | https://www.awin1.com/pclick.php?p=43445878545&a=3071471&m=12494 | https://www.ticketmaster.fr/fr/manifestation/un-succes-fou-billet/idmanif/644781/idtier/18864121;
20:30;Un Succès Fou - Théâtre des Variétés, Paris;Théâtre des Variétés;7, boulevard Montmartre 75002 PARIS;billetreduc, fnac, ticketmaster;https://www.awin1.com/pclick.php?p=43439056759&a=3071471&m=20796 | https://www.awin1.com/pclick.php?p=43445878546&a=3071471&m=12494 | https://www.ticketmaster.fr/fr/manifestation/un-succes-fou-billet/idmanif/644781/idtier/18864121;
20:00;Radicale - Théâtre des Variétés - Paris;Théâtre des Variétés - Petite Salle;7, boulevard Montmartre 75002 PARIS;billetreduc, fnac, ticketmaster;https://www.awin1.com/pclick.php?p=45182060538&a=3071471&m=20796 | https://www.awin1.com/pclick.php?p=45247575414&a=3071471&m=12494 | https://www.ticketmaster.fr/fr/manifestation/radicale-billet/idmanif/666291/idtier/18864121;
;Les P'tits Fauteuils;Théâtre du Châtelet;1 place du Châtelet 75001 Paris;paris_qfap;https://www.paris.fr/evenements/les-p-tits-fauteuils-112230;
15:00;La Fin des Temps - Philippe Decouflé - Théâtre du Châtelet, Paris;Théâtre du Châtelet;1, place du Châtelet 75001 PARIS;fnac, paris_qfap;https://www.awin1.com/pclick.php?p=44430420472&a=3071471&m=12494 | https://www.awin1.com/pclick.php?p=44430420473&a=3071471&m=12494 | https://www.paris.fr/evenements/la-fin-des-temps-112220;
19:00;Reprise de « Mémoires de l'Olympia » au Funambule Montmartre à la rentrée !;Théâtre du Funambule;53 rue des saules 75018 Paris;paris_qfap;https://www.paris.fr/evenements/theatre-musical-au-funambule-montmartre-memoire-s-de-l-olympia-84367;
15:00;Les Cancans;Théâtre du Gouvernail;5 Passage de Thionville 75019 Paris;billetreduc;https://www.awin1.com/pclick.php?p=45182060528&a=3071471&m=20796;
20:30;Aby - Une pièce de théâtre à la mélancolie pop !;Théâtre du Guichet Montparnasse;15 rue du Maine 75014 Paris;paris_qfap;https://www.paris.fr/evenements/aby-une-piece-de-theatre-a-la-melancolie-pop-116075;
16:30;La fée des chaussettes et le musicien;Théâtre du Marais;37, rue Volta 75003 Paris;billetreduc, ticketmaster;https://www.awin1.com/pclick.php?p=45067640913&a=3071471&m=20796 | https://www.ticketmaster.fr/fr/manifestation/la-fee-des-chaussettes-et-le-musicien-billet/idmanif/664549/idseance/4365669;
14:30;Voyage musical et poétique;Théâtre du Nord-Ouest;13 rue du Faubourg Montmartre 75009 Paris;billetreduc;https://www.awin1.com/pclick.php?p=41622498816&a=3071471&m=20796;
14:30;Marche forcée, du poète hongrois Miklos Radnoti;Théâtre du Nord-Ouest;13 rue du Faubourg Montmartre 75009 Paris;billetreduc;https://www.awin1.com/pclick.php?p=45128839100&a=3071471&m=20796;
16:15;Le Barbier de Séville;Théâtre du Nord-Ouest;13 rue du Faubourg Montmartre 75009 Paris;billetreduc;https://www.awin1.com/pclick.php?p=43500902877&a=3071471&m=20796;
14:00;Ici sont les dragons : Intégrale;Théâtre du Soleil - Grande salle - La Cartoucherie;Route du Champ de Manoeuvre 75012 Paris;billetreduc;https://www.awin1.com/pclick.php?p=44046554007&a=3071471&m=20796;
16:00;Kamel le Magicien dans Super Héros;Théâtre Déjazet;41, Boulevard du Temple 75003 Paris;billetreduc;https://www.awin1.com/pclick.php?p=45262161030&a=3071471&m=20796;
20:30;Kamel le Magicien dans Super Héros;Théâtre Déjazet;41, Boulevard du Temple 75003 Paris;billetreduc;https://www.awin1.com/pclick.php?p=45262161030&a=3071471&m=20796;
19:00;Mon beau père et moi, fallait pas l'inviter !;Théâtre Edgar;58 Boulevard Edgard Quinet 75014 Paris;billetreduc, fnac, ticketmaster;https://www.awin1.com/pclick.php?p=44642836606&a=3071471&m=20796 | https://www.awin1.com/pclick.php?p=46019621573&a=3071471&m=12494 | https://www.ticketmaster.fr/fr/manifestation/mon-beau-pere-et-moi-billet/idmanif/659172/idseance/4422310;
;Le père;Théâtre Edouard VII;10 Pl. Édouard VII 75009 Paris;paris_qfap;https://www.paris.fr/evenements/le-pere-123800;
20:00;Le Père avec Pierre Arditi et Isabelle Carré;Théâtre Edouard VII;10 place Edouard VII 75009 Paris;billetreduc;https://www.awin1.com/pclick.php?p=44674857848&a=3071471&m=20796;
20:30;Paraíso;Théâtre El Duende;23 rue Hoche 94200 Ivry sur Seine;billetreduc;https://www.awin1.com/pclick.php?p=45971474411&a=3071471&m=20796;
20:00;Eros-Hypnos, otwarta brama;Théâtre Elizabeth Czerczuk;20 rue Marsoulan 75012 Paris;billetreduc, paris_qfap;https://www.awin1.com/pclick.php?p=45811380008&a=3071471&m=20796 | https://www.paris.fr/evenements/eros-hypnos-otwarta-brama-108911;
15:30;Le malade imaginaire;Théâtre Espace Marais;22 rue Beautreillis 75004 Paris;billetreduc;https://www.awin1.com/pclick.php?p=45641539531&a=3071471&m=20796;
19:00;On ne badine pas avec l'amour;Théâtre Espace Marais;22 rue Beautreillis 75004 Paris;billetreduc;https://www.awin1.com/pclick.php?p=41804421791&a=3071471&m=20796;
19:15;Le menteur;Théâtre Espace Marais;22 rue Beautreillis 75004 Paris;billetreduc;https://www.awin1.com/pclick.php?p=43469616873&a=3071471&m=20796;
21:15;Le joueur d'échecs;Théâtre Espace Marais;22 rue Beautreillis 75004 Paris;billetreduc;https://www.awin1.com/pclick.php?p=45641539530&a=3071471&m=20796;
14:20;Pâquerette mène l'enquête;Théâtre Essaion;6 rue Pierre au Lard 75004 Paris;billetreduc, fnac;https://www.awin1.com/pclick.php?p=45210230243&a=3071471&m=20796 | https://www.awin1.com/pclick.php?p=45859828681&a=3071471&m=12494;
11:00;La Belle au Bois Dormant - Le Spectacle Musical - Théâtre Gaité Rive Gauche, Paris;Théâtre Gaité-Rive Gauche;6, rue de la Gaité 75014 PARIS;billetreduc, fnac, ticketmaster;https://www.awin1.com/pclick.php?p=45408143039&a=3071471&m=20796 | https://www.awin1.com/pclick.php?p=45859819090&a=3071471&m=12494 | https://www.ticketmaster.fr/fr/manifestation/la-belle-au-bois-dormant-billet/idmanif/669819/idseance/4393755;
14:00;Pocahontas, Le musical - Théâtre Gaité Rive Gauche, Paris;Théâtre Gaité-Rive Gauche;6, rue de la Gaité 75014 PARIS;billetreduc, fnac, ticketmaster;https://www.awin1.com/pclick.php?p=41081716727&a=3071471&m=20796 | https://www.awin1.com/pclick.php?p=44805223213&a=3071471&m=12494 | https://www.ticketmaster.fr/fr/manifestation/pocahontas-billet/idmanif/661126/idseance/4349644;
16:30;Paris is Magique - Théâtre Gaité-Rive Gauche, Paris;Théâtre Gaité-Rive Gauche;6, rue de la Gaité 75014 PARIS;billetreduc, fnac, ticketmaster;https://www.awin1.com/pclick.php?p=44504605253&a=3071471&m=20796 | https://www.awin1.com/pclick.php?p=44570834628&a=3071471&m=12494 | https://www.ticketmaster.fr/fr/manifestation/paris-is-magique-billet/idmanif/657280/idseance/4321145;
19:00;Alexis Le Rossignol - Chamboulé - Théâtre Gaité Rive Gauche, Paris;Théâtre Gaité-Rive Gauche;6, rue de la Gaité 75014 PARIS;fnac;https://www.awin1.com/pclick.php?p=44692461406&a=3071471&m=12494;
21:00;Paris is Magique - Théâtre Gaité-Rive Gauche, Paris;Théâtre Gaité-Rive Gauche;6, rue de la Gaité 75014 PARIS;billetreduc, fnac, ticketmaster;https://www.awin1.com/pclick.php?p=44504605253&a=3071471&m=20796 | https://www.awin1.com/pclick.php?p=44570834629&a=3071471&m=12494 | https://www.ticketmaster.fr/fr/manifestation/paris-is-magique-billet/idmanif/657280/idseance/4321147;
19:00;Macbett, Farce Tragique d'Eugène Ionesco - Théâtre Juliette Récamier - Paris;Théâtre Juliette Récamier;3, Rue Juliette Récamier 75007 PARIS;billetreduc, fnac;https://www.awin1.com/pclick.php?p=45253081222&a=3071471&m=20796 | https://www.awin1.com/pclick.php?p=45253473987&a=3071471&m=12494;
21:00;Le Secret des Ombres - Théâtre Juliette Récamier, Paris;Théâtre Juliette Récamier;3, Rue Juliette Récamier 75007 PARIS;billetreduc, fnac;https://www.awin1.com/pclick.php?p=45247635131&a=3071471&m=20796 | https://www.awin1.com/pclick.php?p=45313091258&a=3071471&m=12494;
21:15;Bob Dumont voit rouge en mer jaune (ou l'inverse);Théâtre La Boussole - grande salle;29 rue de Dunkerque 75010 Paris;billetreduc;https://www.awin1.com/pclick.php?p=45478258060&a=3071471&m=20796;
11:00;La fée des comptines et la malle enchantée;Théâtre La Boussole - petite salle;29 rue de Dunkerque 75010 Paris;billetreduc;https://www.awin1.com/pclick.php?p=44253740185&a=3071471&m=20796;
19:45;Christolin dans Rappel(S);Théâtre La Boussole - petite salle;29 rue de Dunkerque 75010 Paris;billetreduc;https://www.awin1.com/pclick.php?p=46026797309&a=3071471&m=20796;
21:00;Coupable d'être une femme;Théâtre La Boussole - petite salle;29 rue de Dunkerque 75010 Paris;billetreduc;https://www.awin1.com/pclick.php?p=45391096208&a=3071471&m=20796;
15:00;Many Rooms;Théâtre La Croisée des Chemins - Salle Paris-Belleville;120 bis rue Haxo 75019 Paris;billetreduc;https://www.awin1.com/pclick.php?p=45852602708&a=3071471&m=20796;
15:00;Attentat à la pudeur au purgatoire;Théâtre La Croisée des Chemins - Salle Paris-Belleville;120 bis rue Haxo 75019 Paris;billetreduc;https://www.awin1.com/pclick.php?p=45852602704&a=3071471&m=20796;
17:00;Partir dans tous les sens ou la vache 3030;Théâtre La Croisée des Chemins - Salle Paris-Belleville;120 bis rue Haxo 75019 Paris;billetreduc;https://www.awin1.com/pclick.php?p=45922969573&a=3071471&m=20796;
19:00;Attentat à la pudeur au purgatoire;Théâtre La Croisée des Chemins - Salle Paris-Belleville;120 bis rue Haxo 75019 Paris;billetreduc;https://www.awin1.com/pclick.php?p=45852602704&a=3071471&m=20796;
21:00;7 minutes;Théâtre La Croisée des Chemins - Salle Paris-Belleville;120 bis rue Haxo 75019 Paris;billetreduc;https://www.awin1.com/pclick.php?p=45852602706&a=3071471&m=20796;
17:00;Billy mais pas Elliot;Théâtre La Flèche;77 rue de charonne 75011 Paris;billetreduc, paris_qfap;https://www.awin1.com/pclick.php?p=43939184973&a=3071471&m=20796 | https://www.paris.fr/evenements/billy-mais-pas-elliot-theatre-la-fleche-107076;
19:00;À quel prix;Théâtre La Flèche;77 rue de charonne 75011 Paris;billetreduc, paris_qfap;https://www.awin1.com/pclick.php?p=44778153482&a=3071471&m=20796 | https://www.paris.fr/evenements/a-quel-prix-theatre-la-fleche-117502;
21:00;Derniers remords avant l'oubli;Théâtre La Flèche;77 rue de charonne 75011 Paris;billetreduc, paris_qfap;https://www.awin1.com/pclick.php?p=44778153483&a=3071471&m=20796 | https://www.paris.fr/evenements/derniers-remords-avant-l-oubli-theatre-la-fleche-117503;
18:00;Théâtre : Giordano;Théâtre La Reine Blanche;2bis Passage Ruelle 75018 Paris;paris_qfap;https://www.paris.fr/evenements/theatre-giordano-118398;
20:00;Théâtre : Riveraines;Théâtre La Reine Blanche;2bis Passage Ruelle 75018 Paris;paris_qfap;https://www.paris.fr/evenements/theatre-riveraines-118413;
15:00;Toutankhamon et le scarabée d'or;Théâtre Le Bout;6 rue Frochot 75009 Paris;billetreduc;https://www.awin1.com/pclick.php?p=27589238559&a=3071471&m=20796;
17:00;Elodie Decker dans Nos étiquettes;Théâtre Le Bout;6 rue Frochot 75009 Paris;billetreduc;https://www.awin1.com/pclick.php?p=43174959525&a=3071471&m=20796;
18:30;Angela Rallo dans Trop jeune pour être adulte;Théâtre Le Bout;6 rue Frochot 75009 Paris;billetreduc;https://www.awin1.com/pclick.php?p=45384022565&a=3071471&m=20796;
18:30;Soirée des astres;Théâtre Le Bout;6 rue Frochot 75009 Paris;billetreduc;https://www.awin1.com/pclick.php?p=44899539303&a=3071471&m=20796;
20:00;Le Prime;Théâtre Le Bout;6 rue Frochot 75009 Paris;billetreduc;https://www.awin1.com/pclick.php?p=41302096141&a=3071471&m=20796;
21:30;Le Big Show;Théâtre Le Bout;6 rue Frochot 75009 Paris;billetreduc;https://www.awin1.com/pclick.php?p=27589238561&a=3071471&m=20796;
;Une année de réchauffement, une comédie malgré tout !;Théâtre le Funambule Montmartre;53 rue des Saules 75018 Paris;paris_qfap;https://www.paris.fr/evenements/une-annee-de-rechauffement-une-comedie-malgre-tout-103942;
;Succès reprise ! « Maître Mô » revient au Funambule Montmartre !;Théâtre le Funambule Montmartre;53, rue des Saules 75018 Paris;paris_qfap;https://www.paris.fr/evenements/maitre-mo-un-spectacle-sur-les-histoires-vraies-du-celebre-avocat-au-theatre-du-funambule-87667;
14:30;Oliver Twist;Théâtre Le Lucernaire;53 rue Notre-Dame-des-Champs 75006 Paris;billetreduc, paris_qfap, ticketmaster;https://www.awin1.com/pclick.php?p=45164264714&a=3071471&m=20796 | https://www.paris.fr/evenements/oliver-twist-116759 | https://www.ticketmaster.fr/fr/manifestation/oliver-twist-billet/idmanif/666775/idtier/18864121;
15:00;La vie magique de Sigismond;Théâtre Le Lucernaire;53 rue Notre-Dame-des-Champs 75006 Paris;billetreduc, ticketmaster;https://www.awin1.com/pclick.php?p=45170205547&a=3071471&m=20796 | https://www.ticketmaster.fr/fr/manifestation/la-vie-magique-de-sigismond-billet/idmanif/666445/idseance/4377204;
20:30;La Raison du plus fou;Théâtre Le Lucernaire;53 rue Notre-Dame-des-Champs 75006 Paris;billetreduc, ticketmaster;https://www.awin1.com/pclick.php?p=45135299461&a=3071471&m=20796 | https://www.ticketmaster.fr/fr/manifestation/la-raison-du-plus-fou-billet/idmanif/666343/idtier/18864121;
16:30;Gigi Dalida & Moi, Théâtre le Mélo d'Amélie - Paris;Théâtre le Mélo d'Amélie;4, rue Marie Stuart 75002 PARIS;billetreduc, fnac, ticketmaster;https://www.awin1.com/pclick.php?p=43146097537&a=3071471&m=20796 | https://www.awin1.com/pclick.php?p=44805222804&a=3071471&m=12494 | https://www.ticketmaster.fr/fr/manifestation/gigi-dalida-moi-billet/idmanif/641685/idseance/4362029;
18:00;Ce Soir ou Jamais - Le Mélo d'Amélie, Paris;Théâtre le Mélo d'Amélie;4, rue Marie Stuart 75002 PARIS;billetreduc, fnac, ticketmaster;https://www.awin1.com/pclick.php?p=35334573181&a=3071471&m=20796 | https://www.awin1.com/pclick.php?p=44795708166&a=3071471&m=12494 | https://www.ticketmaster.fr/fr/manifestation/ce-soir-ou-jamais-billet/idmanif/628147/idseance/4361952;
19:30;Ce Soir ou Jamais - Le Mélo d'Amélie, Paris;Théâtre le Mélo d'Amélie;4, rue Marie Stuart 75002 PARIS;billetreduc, fnac, ticketmaster;https://www.awin1.com/pclick.php?p=35334573181&a=3071471&m=20796 | https://www.awin1.com/pclick.php?p=44795708111&a=3071471&m=12494 | https://www.ticketmaster.fr/fr/manifestation/ce-soir-ou-jamais-billet/idmanif/628147/idseance/4361951;
21:00;Merci, au Suivant ! - Le Mélo d'Amélie, Paris;Théâtre le Mélo d'Amélie;4, rue Marie Stuart 75002 PARIS;billetreduc, fnac, ticketmaster;https://www.awin1.com/pclick.php?p=44794393969&a=3071471&m=20796 | https://www.awin1.com/pclick.php?p=44805222825&a=3071471&m=12494 | https://www.ticketmaster.fr/fr/manifestation/merci-au-suivant-billet/idmanif/652100/idseance/4362057;
10:35;Ce soir les femmes se lâchent;Théâtre le Passage vers les Etoiles - Salle des Etoiles;17, cité Joly 75011 Paris;billetreduc;https://www.awin1.com/pclick.php?p=45164264733&a=3071471&m=20796;
15:00;Où vont les larmes quand elles sèchent;Théâtre Lepic;1, avenue Junot 75018 Paris;billetreduc;https://www.awin1.com/pclick.php?p=45343826330&a=3071471&m=20796;
13:00;Une heure de philosophie (avec un mec qui ne sait pas grand-chose);Théâtre Les 3 Clés;35 rue Sedaine 75011 Paris;billetreduc;https://www.awin1.com/pclick.php?p=41367965932&a=3071471&m=20796;
14:00;Anatomie d'un Aveuglement - Théâtre Lucas-Paumier - Paris;Théâtre Lucas-Paumier;15, Rue du Retrait 75020 PARIS;billetreduc, fnac;https://www.awin1.com/pclick.php?p=44998962451&a=3071471&m=20796 | https://www.awin1.com/pclick.php?p=45137250912&a=3071471&m=12494;
17:30;Une Femme à la Mer - Théâtre Lucas-Paumier, Paris;Théâtre Lucas-Paumier;15, Rue du Retrait 75020 PARIS;billetreduc, fnac;https://www.awin1.com/pclick.php?p=45015168038&a=3071471&m=20796 | https://www.awin1.com/pclick.php?p=45141753609&a=3071471&m=12494;
19:00;Viva l'Italia !;Théâtre Lucas-Paumier;15 rue du Retrait 75020 Paris;billetreduc, fnac;https://www.awin1.com/pclick.php?p=45961791368&a=3071471&m=20796 | https://www.awin1.com/pclick.php?p=46102760173&a=3071471&m=12494;
21:00;Ultra Girl Contre Schopenhauer - Théâtre Lucas-Paumier, Paris;Théâtre Lucas-Paumier;15, Rue du Retrait 75020 PARIS;billetreduc, fnac;https://www.awin1.com/pclick.php?p=44998962444&a=3071471&m=20796 | https://www.awin1.com/pclick.php?p=45141754139&a=3071471&m=12494;
16:30;ADN;Théâtre Michel;38, rue des Mathurins 75008 Paris;billetreduc;https://www.awin1.com/pclick.php?p=37864569888&a=3071471&m=20796;
19:00;Les Rochambelles débarquent pour la première fois à Paris au Théâtre Michel;Théâtre Michel;38 rue des Mathurins 75008 Paris;billetreduc, fnac, paris_qfap, ticketmaster;https://www.awin1.com/pclick.php?p=44507412896&a=3071471&m=20796 | https://www.awin1.com/pclick.php?p=44569915991&a=3071471&m=12494 | https://www.paris.fr/evenements/les-rochambelles-debarquent-pour-la-premiere-fois-a-paris-au-theatre-michel-123095 | https://www.ticketmaster.fr/fr/manifestation/les-rochambelles-billet/idmanif/657365/idtier/18864121;
21:00;ADN;Théâtre Michel;38, rue des Mathurins 75008 Paris;billetreduc;https://www.awin1.com/pclick.php?p=37864569888&a=3071471&m=20796;
15:00;Le Roi Lion - Saison 6 - Théâtre Mogador, Paris;Théâtre Mogador;25 rue de Mogador 75009 PARIS;fnac, ticketmaster;https://www.awin1.com/pclick.php?p=45076136973&a=3071471&m=12494 | https://www.ticketmaster.fr/fr/manifestation/le-roi-lion-billet/idmanif/672924/idseance/4424731;
20:00;Le Roi Lion - Saison 6 - Théâtre Mogador, Paris;Théâtre Mogador;25 rue de Mogador 75009 PARIS;fnac, ticketmaster;https://www.awin1.com/pclick.php?p=45076136974&a=3071471&m=12494 | https://www.ticketmaster.fr/fr/manifestation/le-roi-lion-billet/idmanif/672924/idseance/4424732;
17:00;Machine à Spectacle - Solene Wachter, Chaillot Théâtre National de la Danse, Paris;Théâtre National de Chaillot - Salle Gemier;1, Place du Trocadéro 75016 PARIS;billetreduc, fnac, paris_qfap, ticketmaster;https://www.awin1.com/pclick.php?p=45117005751&a=3071471&m=20796 | https://www.awin1.com/pclick.php?p=45118074350&a=3071471&m=12494 | https://www.paris.fr/evenements/machine-a-spectacle-de-solene-wachter-110895 | https://www.ticketmaster.fr/fr/manifestation/machine-a-spectacle-billet/idmanif/658834/idtier/18864121;
18:00;Lac Artificiel - Théâtre Ouvert, Paris;Théâtre Ouvert;159 Avenue Gambetta 75020 PARIS;billetreduc, fnac, paris_qfap;https://www.awin1.com/pclick.php?p=44987812223&a=3071471&m=20796 | https://www.awin1.com/pclick.php?p=45078939080&a=3071471&m=12494 | https://www.paris.fr/evenements/lac-artificiel-113783;
15:00;Disparition au musée;Théâtre Pixel;18, rue Championnet 75018 Paris;billetreduc;https://www.awin1.com/pclick.php?p=45083666097&a=3071471&m=20796;
17:00;La Vie de Bob;Théâtre Pixel;18, rue Championnet 75018 Paris;billetreduc;https://www.awin1.com/pclick.php?p=45950056731&a=3071471&m=20796;
21:15;Affamé (La faim d'Artaud);Théâtre Pixel;18, rue Championnet 75018 Paris;billetreduc;https://www.awin1.com/pclick.php?p=45930880159&a=3071471&m=20796;
17:00;Mahabharata, une histoire de la violence – nouvelle création de Pauline Bayle;Théâtre Public Montreuil;10, place Jean-Jaurès 93100 Montreuil;paris_qfap;https://www.paris.fr/evenements/mahabharata-une-histoire-de-la-violence-nouvelle-creation-de-pauline-bayle-113563;
19:00;Du charbon dans les veines;Théâtre Saint Georges;51 rue Saint Georges 75009 Paris;billetreduc;https://www.awin1.com/pclick.php?p=44451526698&a=3071471&m=20796;
11:00;Pompon, Pompon - Théâtre Saint-Georges, Paris;Théâtre Saint-Georges;51 rue St Georges 75009 PARIS;billetreduc, fnac;https://www.awin1.com/pclick.php?p=44785973039&a=3071471&m=20796 | https://www.awin1.com/pclick.php?p=45953533395&a=3071471&m=12494;
21:00;The Loop - Théâtre Saint-Georges, Paris;Théâtre Saint-Georges;51 rue St Georges 75009 PARIS;billetreduc, fnac;https://www.awin1.com/pclick.php?p=43158761701&a=3071471&m=20796 | https://www.awin1.com/pclick.php?p=46016639944&a=3071471&m=12494;
18:00;Frasques, un spectacle de cirque cosmique et poétique au Théâtre Silvia Monfort;Théâtre Silvia Monfort;106 RUE BRANCION 75015 Paris;billetreduc, paris_qfap;https://www.awin1.com/pclick.php?p=45953719662&a=3071471&m=20796 | https://www.paris.fr/evenements/frasques-un-spectacle-de-cirque-cosmique-et-poetique-au-theatre-silvia-monfort-115077;
15:00;Le repas des fauves;Théâtre Traversière;15 bis rue traversière 75012 Paris;billetreduc;https://www.awin1.com/pclick.php?p=46063666391&a=3071471&m=20796;
19:30;À la Minute – L'expérience théâtrale la plus insolite de Paris;Théâtre à la Minute;24 rue Richard Lenoir 75011 Paris;billetreduc;https://www.awin1.com/pclick.php?p=45027023178&a=3071471&m=20796;
20:45;À la Minute – L'expérience théâtrale la plus insolite de Paris;Théâtre à la Minute;24 rue Richard Lenoir 75011 Paris;billetreduc;https://www.awin1.com/pclick.php?p=45027023178&a=3071471&m=20796;
20:00;Mosimann - Dream Tour;Zénith Paris - La Villette;211 Avenue Jean Jaurès 75019 PARIS;fnac, ticketmaster;https://www.awin1.com/pclick.php?p=42602255254&a=3071471&m=12494 | https://www.ticketmaster.fr/fr/manifestation/mosimann-billet/idmanif/637050/idtier/18864121;
16:00;Chocottes et chamallows - spectacle pour enfants spécial Halloween;À LA FOLIE THEATRE;6 rue de la Folie Méricourt 75011 Paris;billetreduc, fnac, paris_qfap, ticketmaster;https://www.awin1.com/pclick.php?p=45190220407&a=3071471&m=20796 | https://www.awin1.com/pclick.php?p=45201641570&a=3071471&m=12494 | https://www.paris.fr/evenements/chocottes-et-chamallows-spectacles-pour-enfants-special-halloween-114335 | https://www.ticketmaster.fr/fr/manifestation/chocottes-et-chamallows-billet/idmanif/666265/idtier/18864121;
14:30;Le Fantôme de Canterville - spectacle enfants spécial Halloween;À La Folie Théâtre;6, rue de la Folie Méricourt 75011 Paris;billetreduc, fnac, paris_qfap, ticketmaster;https://www.awin1.com/pclick.php?p=45142394167&a=3071471&m=20796 | https://www.awin1.com/pclick.php?p=45201641611&a=3071471&m=12494 | https://www.paris.fr/evenements/le-fantome-de-canterville-spectacle-enfants-d-apres-oscar-wilde-114029 | https://www.ticketmaster.fr/fr/manifestation/le-fantome-de-canterville-billet/idmanif/666267/idtier/18864121;
18:00;La chute de la Maison Usher - frissons garantis pour Halloween !;À La Folie Théâtre;6, rue de la Folie Méricourt 75011 Paris;billetreduc, fnac, paris_qfap, ticketmaster;https://www.awin1.com/pclick.php?p=45128839106&a=3071471&m=20796 | https://www.awin1.com/pclick.php?p=45201641691&a=3071471&m=12494 | https://www.paris.fr/evenements/la-chute-de-la-maison-usher-116700 | https://www.ticketmaster.fr/fr/manifestation/la-chute-de-la-maison-usher-billet/idmanif/666270/idtier/18864121;
17:00;Les Variations Goldberg de Bach - Piano aux Chandelles;Église Saint-Ephrem;17, rue des Carmes 75005 PARIS;fnac, ticketmaster;https://www.awin1.com/pclick.php?p=45112828962&a=3071471&m=12494 | https://www.ticketmaster.fr/fr/manifestation/les-variations-goldberg-de-bach-billet/idmanif/664491/idtier/18864121;
